sku,category,net_impact,volatility_tier,cumulative_impact,cumulative_pct,sku_pct,impact_share,is_top_contributor
2_28,Cat_C,723599.7520075622,Medium,723599.7520075622,0.42005280758591224,0.2,0.004200528075859122,1
2_15,Cat_B,721177.6476145448,Medium,1444777.399622107,0.8386995730225141,0.4,0.004186467654366019,1
2_18,Cat_B,718248.984674324,Medium,2163026.384296431,1.2556462368669037,0.6,0.004169466638443895,1
8_15,Cat_B,709859.1639111899,Medium,2872885.548207621,1.66772257321751,0.8,0.004120763363506064,1
8_28,Cat_C,704579.9561748885,Medium,3577465.5043825097,2.0767343064842843,1.0,0.004090117332667741,1
2_13,Cat_B,699362.6310817224,Medium,4276828.135464232,2.482717359811088,1.2,0.004059830533268037,1
2_45,Cat_E,690230.065868886,Medium,4967058.201333119,2.883398919256129,1.4,0.004006815594450406,1
8_18,Cat_B,686781.2092583796,Medium,5653839.410591498,3.2820784024177194,1.6,0.003986794831615909,1
3_15,Cat_B,685861.8472156682,Medium,6339701.257807166,3.6802241919093537,1.8,0.00398145789491634,1
2_25,Cat_C,684775.1724137991,Medium,7024476.430220965,4.0777391619456305,2.0,0.003975149700362768,1
8_13,Cat_B,679833.2637904818,Medium,7704309.694011447,4.472385332502225,2.2,0.003946461705565946,1
2_22,Cat_C,676562.3851886806,Medium,8380872.079200128,4.865132743784584,2.4,0.003927474112823586,1
2_38,Cat_D,674521.6816249479,Medium,9055393.760825075,5.256695517760173,2.6,0.003915627739755902,1
8_38,Cat_D,666372.5056421527,Medium,9721766.266467229,5.6435276595850645,2.8,0.0038683214182489117,1
8_22,Cat_C,663093.1475358192,Medium,10384859.414003048,6.028456119746408,3.0,0.003849284601613427,1
3_28,Cat_C,662245.1936702841,Medium,11047104.607673332,6.412892338995654,3.2,0.0038443621924924573,1
8_25,Cat_C,649895.5479452078,Medium,11697000.15561854,6.790159535114201,3.4,0.003772671961185476,1
8_8,Cat_A,647914.9073636689,Medium,12344915.062982207,7.166276960748739,3.6,0.0037611742563453928,1
2_36,Cat_D,647358.5918228088,Medium,12992273.654805016,7.542071442788849,3.8,0.0037579448204010935,1
3_13,Cat_B,646623.2553928524,Medium,13638896.910197869,7.917439058828705,4.0,0.003753676160398565,1
10_28,Cat_C,646185.6203747453,Medium,14285082.530572614,8.292552625834489,4.2,0.003751135670057824,1
8_36,Cat_D,642859.9328189789,Medium,14927942.463391593,8.665735616729544,4.4,0.003731829908950562,1
2_8,Cat_A,641857.2445284236,Medium,15569799.707920017,9.038336542704855,4.6,0.0037260092597530916,1
10_13,Cat_B,636516.7556290393,Medium,16206316.463549055,9.407837291614259,4.8,0.0036950074890940497,1
10_15,Cat_B,634289.2770167392,Medium,16840605.740565795,9.776044979487727,5.0,0.003682076878734686,1
8_45,Cat_E,629303.9135569145,Medium,17469909.65412271,10.141358642159659,5.2,0.003653136626719319,1
9_28,Cat_C,628438.5629559638,Medium,18098348.217078675,10.506169965038817,5.4,0.003648113228791569,1
2_10,Cat_A,622631.8516768981,Medium,18720980.068755575,10.867610466730094,5.6,0.0036144050169127618,1
3_18,Cat_B,617661.3669763306,Medium,19338641.435731906,11.226165580404386,5.8,0.0035855511367429084,1
10_18,Cat_B,616490.9460452414,Medium,19955132.38177715,11.584041259630562,6.0,0.0035787567922617594,1
4_15,Cat_B,614463.0898021362,Medium,20569595.471579283,11.940739759475548,6.2,0.0035669849984498667,1
2_11,Cat_B,611174.4685876266,Medium,21180769.94016691,12.295529200382346,6.4,0.003547894409067977,1
10_45,Cat_E,610638.0522752276,Medium,21791407.99244214,12.650007249283505,6.6,0.0035447804890115795,1
9_15,Cat_B,608920.5852096752,Medium,22400328.577651814,13.003488301072903,6.8,0.003534810517893982,1
3_25,Cat_C,608185.7754684297,Medium,23008514.353120245,13.35654279260714,7.0,0.0035305449153423597,1
3_45,Cat_E,607041.3840340074,Medium,23615555.737154253,13.708932959929445,7.2,0.0035239016732230436,1
3_38,Cat_D,605074.0282370235,Medium,24220629.765391275,14.060181068643033,7.4,0.003512481087135904,1
8_10,Cat_A,604498.2233768958,Medium,24825127.98876817,14.411094920127477,7.6,0.0035091385148444234,1
4_28,Cat_C,601806.7477562637,Medium,25426934.736524437,14.760446358291768,7.8,0.0034935143816429,1
9_13,Cat_B,592868.5144071806,Medium,26019803.250931617,15.104609113067589,8.0,0.003441627547758231,1
3_8,Cat_A,591039.7866477682,Medium,26610843.037579384,15.447710283414285,8.2,0.0034310117034669603,1
3_36,Cat_D,589068.1703668704,Medium,27199911.207946256,15.7896669219228,8.4,0.00341956638508514,1
4_18,Cat_B,588643.8970240882,Medium,27788555.104970343,16.13137726790796,8.6,0.003417103459851611,1
10_38,Cat_D,587428.8999107805,Medium,28375984.004881125,16.472382302777085,8.8,0.003410050348691225,1
9_18,Cat_B,586138.8009762177,Medium,28962122.80585734,16.812638429595832,9.0,0.003402561268187491,1
3_22,Cat_C,584922.706397943,Medium,29547045.512255285,17.15218860821535,9.2,0.0033955017861951728,1
2_12,Cat_B,582899.2009132449,Medium,30129944.71316853,17.490564133087883,9.4,0.003383755248725325,1
10_22,Cat_C,581821.488741935,Medium,30711766.201910466,17.828314041351135,9.6,0.003377499082632506,1
2_29,Cat_C,580025.2188631708,Medium,31291791.420773637,18.165021207126337,9.8,0.003367071657752059,1
9_45,Cat_E,579801.5703563704,Medium,31871592.991130006,18.501598543969273,10.0,0.00336577336842936,1
8_33,Cat_D,578720.1309505109,Medium,32450313.122080516,18.837548100527037,10.2,0.0033594955655776447,1
8_29,Cat_C,578560.5799611632,Medium,33028873.702041678,19.17340503704058,10.4,0.0033585693651354436,1
9_22,Cat_C,577892.7494357842,Medium,33606766.45147746,19.508874295025493,10.6,0.00335469257984912,1
2_35,Cat_D,575425.2115152444,Medium,34182191.66299271,19.84291113650049,10.8,0.0033403684147499508,1
9_25,Cat_C,574172.2972760173,Medium,34756363.96026873,20.17622065580271,11.0,0.003333095193022171,1
10_25,Cat_C,574138.6899700855,Medium,35330502.65023881,20.509510665917457,11.2,0.0033329001011475146,1
4_13,Cat_B,573836.2202802707,Medium,35904338.87051908,20.842625091059904,11.4,0.0033311442514244614,1
4_45,Cat_E,571892.314858548,Medium,36476231.18537763,21.17461107063861,11.6,0.0033198597957870644,1
9_38,Cat_D,571084.6100351617,Medium,37047315.79541279,21.506128174049486,11.8,0.003315171034108764,1
10_8,Cat_A,568823.0105495185,Medium,37616138.8059623,21.836332409108838,12.0,0.0033020423505935523,1
3_10,Cat_A,568151.9204324808,Medium,38184290.72639478,22.166147073432406,12.2,0.0032981466432356822,1
2_33,Cat_D,566641.6320264509,Medium,38750932.35842123,22.495085008758405,12.4,0.003289379353260013,1
2_50,Cat_E,566166.1145226447,Medium,39317098.47294387,22.823746904102393,12.6,0.003286618953439865,1
4_38,Cat_D,563773.5771269613,Medium,39880872.05007084,23.151019921067796,12.8,0.0032727301696540384,1
8_11,Cat_B,559114.401931456,Medium,40439986.452002294,23.475588266539773,13.0,0.003245683454719756,1
4_36,Cat_D,554914.77090222,Medium,40994901.22290451,23.797718707908324,13.2,0.0032213044136855202,1
8_12,Cat_B,553167.2812680386,Medium,41548068.50417255,24.118834723933265,13.4,0.0032111601602494363,1
10_36,Cat_D,553068.6335485185,Medium,42101137.13772107,24.439893474527384,13.6,0.0032105875059411483,1
2_24,Cat_C,550359.4919435267,Medium,42651496.62966459,24.75937955662048,13.8,0.003194860820930997,1
4_8,Cat_A,550057.4573557983,Medium,43201554.08702039,25.078690306319928,14.0,0.003193107496994507,1
10_10,Cat_A,543946.360415682,Medium,43745500.44743607,25.39445353762955,14.2,0.003157632313096175,1
9_8,Cat_A,543724.4481184076,Medium,44289224.89555448,25.71008794788409,14.4,0.003156344102545393,1
1_15,Cat_B,538603.0530625083,Medium,44827827.94861699,26.0227493660031,14.6,0.003126614181190132,1
4_25,Cat_C,537383.7253975761,Medium,45365211.67401457,26.334702959102,14.8,0.003119535930988955,1
4_22,Cat_C,532785.2952290989,Medium,45897996.96924367,26.643987143460222,15.0,0.0030928418435822408,1
9_10,Cat_A,530045.7820290758,Medium,46428042.751272745,26.951681028474237,15.2,0.003076938850140138,1
10_33,Cat_D,529937.3901747784,Medium,46957980.14144752,27.259311991544745,15.4,0.0030763096307050743,1
3_29,Cat_C,527079.2715057973,Medium,47485059.41295332,27.56528380427974,15.6,0.003059718127349961,1
10_12,Cat_B,526820.4870624077,Medium,48011879.90001573,27.871105391518245,15.8,0.0030582158723850613,1
10_11,Cat_B,526072.5788589693,Medium,48537952.4788747,28.17649281478724,16.0,0.0030538742326899227,1
3_24,Cat_C,523771.0407809838,Medium,49061723.51965568,28.480544185177912,16.2,0.0030405137039066906,1
3_11,Cat_B,523405.6148638001,Medium,49585129.13451948,28.784383424232086,16.4,0.0030383923905417842,1
8_50,Cat_E,522393.19949613814,Medium,50107522.334015615,29.08763495175589,16.6,0.003032515275238059,1
3_33,Cat_D,521829.83965779503,Medium,50629352.17367341,29.390559446439898,16.8,0.003029244946840065,1
8_24,Cat_C,519567.035899858,Medium,51148919.20957327,29.69217037368707,17.0,0.0030161092724717373,1
8_35,Cat_D,517507.81346769416,Medium,51666427.023040965,29.992585913343696,17.2,0.0030041553965662452,1
9_36,Cat_D,514899.7467590427,Medium,52181326.76980001,30.291487458916848,17.4,0.0029890154557315374,1
1_28,Cat_C,514243.3658741435,Medium,52695570.13567415,30.590007972527538,17.6,0.0029852051361068735,1
9_29,Cat_C,513829.5323571065,Medium,53209399.66803125,30.888288253979184,17.8,0.002982802814516488,1
3_12,Cat_B,512541.88133102417,Medium,53721941.54936228,31.185821048401994,18.0,0.002975327944228098,1
1_13,Cat_B,508282.0820868127,Medium,54230223.63144909,31.48088101081053,18.2,0.002950599624085381,1
2_14,Cat_B,506337.9908675832,Medium,54736561.62231667,31.77481241979907,18.4,0.0029393140898853645,1
1_18,Cat_B,505753.1672177624,Medium,55242314.789534435,32.06840433611176,18.6,0.002935919163126914,1
10_35,Cat_D,505079.3911719979,Medium,55747394.180706434,32.36160512249534,18.8,0.0029320078638358027,1
4_10,Cat_A,504656.6154936197,Medium,56252050.79620005,32.65456048575628,19.0,0.0029295536326093673,1
9_33,Cat_D,499181.8603369564,Medium,56751232.65653701,32.944337729804175,19.2,0.0028977724404790272,1
10_29,Cat_C,497418.0147483376,Medium,57248650.671285346,33.23309105380569,19.4,0.0028875332400150728,1
1_25,Cat_C,488734.08045976865,Medium,57737384.75174511,33.51680331613092,19.6,0.0028371226232523565,1
9_12,Cat_B,488691.3698630151,Medium,58226076.12160813,33.80049078476872,19.8,0.002836874686377997,1
2_46,Cat_E,488558.67317483114,Medium,58714634.79478296,34.08410122240109,20.0,0.0028361043763236557,1
8_2,Cat_A,488070.9289875578,Medium,59202705.723770514,34.36742852240843,20.2,0.002833273000073464,1
2_2,Cat_A,487966.35123077297,Medium,59690672.075001284,34.650695114572486,20.4,0.002832665921640579,1
4_29,Cat_C,487212.6098252247,Medium,60177884.68482651,34.9335241565678,20.6,0.0028282904199531346,1
2_6,Cat_A,485845.0503857622,Medium,60663729.735212274,35.21555932435228,20.8,0.002820351677844765,1
2_7,Cat_A,485213.06093528756,Medium,61148942.79614756,35.49722761950821,21.0,0.0028166829515592733,1
2_31,Cat_D,484972.98378208565,Medium,61633915.779929645,35.778756548831076,21.2,0.002815289293228685,1
1_22,Cat_C,484796.0780454495,Medium,62118711.857975096,36.06018278360333,21.4,0.002814262347722611,1
10_50,Cat_E,484022.3500236203,Medium,62602734.207998715,36.34115986588905,21.6,0.002809770822857165,1
1_38,Cat_D,483515.61722563487,Medium,63086249.82522435,36.62184278757853,21.8,0.002806829216894765,1
4_11,Cat_B,482183.3233611528,Medium,63568433.1485855,36.901752306877036,22.0,0.002799095192985103,1
3_50,Cat_E,481808.5073216823,Medium,64050241.655907184,37.18144424383217,22.2,0.002796919369551347,1
9_11,Cat_B,481032.73421508214,Medium,64531274.390122265,37.46068584112014,22.4,0.0027924159728797346,1
10_24,Cat_C,474612.6817299149,Medium,65005887.07185218,37.73620056997876,22.6,0.0027551472885862217,1
1_36,Cat_D,472729.4901065426,Medium,65478616.56195872,38.01062209789802,22.8,0.0027442152791925596,1
4_12,Cat_B,472546.18721461087,Medium,65951162.749173336,38.284937217690164,23.0,0.0027431511979213747,1
4_35,Cat_D,470847.6688710458,Medium,66422010.41804438,38.55826634018618,23.2,0.0027332912249602007,1
8_46,Cat_E,468937.5649503994,Medium,66890947.98299478,38.83048663903705,23.4,0.0027222029885087323,1
8_14,Cat_B,468256.8955020235,Medium,67359204.87849681,39.10231180630858,23.6,0.002718251672715229,1
4_33,Cat_D,466087.8184537904,Medium,67825292.6969506,39.37287781490647,23.8,0.0027056600859788785,1
8_6,Cat_A,465717.8853723819,Medium,68291010.58232298,39.643229075739406,24.0,0.0027035126083293434,1
3_35,Cat_D,465164.6144963999,Medium,68756175.19681938,39.91325916041913,24.2,0.0027003008467972674,1
4_24,Cat_C,464592.2820553194,Medium,69220767.4788747,40.18295700362409,24.4,0.0026969784320495928,1
8_31,Cat_D,462460.30992494663,Medium,69683227.78879964,40.451417227721834,24.6,0.0026846022409774788,1
8_7,Cat_A,461761.3249881925,Medium,70144989.11378783,40.71947168801945,24.8,0.0026805446029762323,1
1_8,Cat_A,461640.98383456335,Medium,70606630.0976224,40.98745628975327,25.0,0.002679846017338111,1
1_45,Cat_E,459428.9875610114,Medium,71066059.08518341,41.25415681801622,25.2,0.0026670052826294932,1
3_14,Cat_B,451486.2801133646,Medium,71517545.36529678,41.51624657001237,25.4,0.002620897519961511,1
1_10,Cat_A,450945.7080249863,Medium,71968491.07332177,41.77802251755683,25.6,0.002617759475444554,1
3_7,Cat_A,450099.6480869159,Medium,72418590.7214087,42.03930732362233,25.8,0.002612848060655004,1
4_50,Cat_E,449096.63622526446,Medium,72867687.35763396,42.30000987693366,26.0,0.002607025533113228,1
9_35,Cat_D,447382.166587936,Medium,73315069.5242219,42.55971717315336,26.2,0.0025970729621970193,1
8_9,Cat_A,444655.9436834122,Medium,73759725.46790531,42.81784188510328,26.4,0.0025812471194991316,1
3_6,Cat_A,444542.3169579631,Medium,74204267.78486328,43.07590063624418,26.6,0.0025805875114090337,1
9_50,Cat_E,443342.03511257755,Medium,74647609.81997585,43.333262618546165,26.8,0.0025736198230198407,1
5_28,Cat_C,441778.2506691826,Medium,75089388.07064503,43.5897168171679,27.0,0.0025645419862173158,1
9_24,Cat_C,440426.5160342207,Medium,75529814.58667925,43.84538632794672,27.2,0.0025566951077883007,1
6_28,Cat_C,439547.9320841889,Medium,75969362.51876344,44.100545816916,27.4,0.002551594889692774,1
2_48,Cat_E,437598.63092426636,Medium,76406961.1496877,44.35457372807201,27.6,0.002540279111560122,1
2_9,Cat_A,436780.59308245627,Medium,76843741.74277017,44.60812676469799,27.8,0.00253553036625983,1
10_2,Cat_A,436575.4608198182,Medium,77280317.20358999,44.861560721152095,28.0,0.0025343395645409444,1
6_13,Cat_B,436553.07379415084,Medium,77716870.27738415,45.11498168184029,28.2,0.002534209606881907,1
10_14,Cat_B,436148.6750118074,Medium,78153018.95239596,45.368167887274026,28.4,0.0025318620543373356,1
3_2,Cat_A,436056.77452369966,Medium,78589075.72691967,45.621300744074155,28.6,0.0025313285680012626,1
10_6,Cat_A,433744.28200283117,Medium,79022820.0089225,45.87309118889416,28.8,0.0025179044481999876,1
3_46,Cat_E,433723.24699522555,Medium,79456543.25591773,46.12486942280063,29.0,0.0025177823390646844,1
8_48,Cat_E,432950.011021883,Medium,79889493.26693961,46.376198789856836,29.2,0.0025132936705621342,1
3_31,Cat_D,432716.9154463871,Medium,80322210.182386,46.627392843916255,29.4,0.0025119405405942025,1
6_18,Cat_B,429913.8180339074,Medium,80752124.0004199,46.8769596877192,29.6,0.0024956684380294607,1
6_15,Cat_B,427948.4427649192,Medium,81180072.44318482,47.125385622618566,29.8,0.0024842593489935957,1
10_7,Cat_A,426073.5451110084,Medium,81606145.98829584,47.37272317126396,30.0,0.002473375486453891,1
1_29,Cat_C,425381.95717210247,Medium,82031527.94546793,47.61965925009868,30.2,0.00246936078834732,1
5_15,Cat_B,422631.59423713107,Medium,82454159.53970507,47.864998731270816,30.4,0.002453394811721296,1
8_43,Cat_E,421757.21539914777,Medium,82875916.75510421,48.109830631719255,30.6,0.0024483190044843586,1
5_13,Cat_B,420577.753897026,Medium,83296494.50900124,48.35397784962871,30.8,0.002441472179094615,1
1_12,Cat_B,420344.59140293166,Medium,83716839.10040417,48.597989715694844,31.0,0.0024401186606613054,1
5_25,Cat_C,419990.40780979156,Medium,84136829.50821397,48.84179597664256,31.2,0.002438062609477117,1
6_45,Cat_E,419731.7879074139,Medium,84556561.29612137,49.08545210761055,31.4,0.0024365613096799577,1
2_43,Cat_E,419161.2522962277,Medium,84975722.5484176,49.32877704017135,31.6,0.0024332493256080784,1
2_26,Cat_C,419013.1695795906,Medium,85394735.7179972,49.5720160100702,31.8,0.002432389698988448,1
10_46,Cat_E,415298.5629559688,Medium,85810034.28095317,49.81309863464555,32.0,0.002410826245753416,1
5_18,Cat_B,414484.5341940873,Medium,86224518.81514725,50.05370871197921,32.2,0.0024061007733367197,1
7_15,Cat_B,414382.1335222778,Medium,86638900.94866952,50.294259345276906,32.4,0.0024055063329769364,1
5_45,Cat_E,412546.7629769578,Medium,87051447.71164648,50.533744537979324,32.6,0.0023948519270241535,1
6_25,Cat_C,412344.4391959247,Medium,87463792.15084241,50.77311228084566,32.8,0.0023936774286633044,1
9_6,Cat_A,411442.31774524023,Medium,87875234.46858765,51.01195633828079,33.0,0.0023884405743513433,1
1_11,Cat_B,410864.81236550695,Medium,88286099.28095315,51.25046515132774,33.2,0.0023850881304694886,1
9_14,Cat_B,410006.87030914,Medium,88696106.1512623,51.488475925274315,33.4,0.002380107739465717,1
9_46,Cat_E,409431.7438198725,Medium,89105537.89508218,51.72615283578897,33.6,0.002376769105146626,1
2_20,Cat_B,409279.4701621778,Medium,89514817.36524436,51.963741350782136,33.8,0.002375885149931625,1
4_14,Cat_B,408894.9800556312,Medium,89923712.34529999,52.201106667593855,34.0,0.0023736531681171507,1
10_31,Cat_D,408569.5268461692,Medium,90332281.87214616,52.438283057400014,34.2,0.0023717638980615286,1
1_33,Cat_D,404129.5869416869,Medium,90736411.45908785,52.672882042754026,34.4,0.002345989853540145,1
4_31,Cat_D,403892.38177714415,Medium,91140303.84086499,52.9073433294769,34.6,0.0023446128672288086,1
4_46,Cat_E,403175.76077258255,Medium,91543479.60163757,53.14138861458549,34.8,0.0023404528510858236,1
5_38,Cat_D,402606.05101558514,Medium,91946085.65265316,53.37510318069884,35.0,0.0023371456611334792,1
9_7,Cat_A,400037.95229097607,Medium,92346123.60494414,53.60732695431752,35.2,0.002322237736186891,1
7_28,Cat_C,399424.6126594203,Medium,92745548.21760356,53.83919468160878,35.4,0.002318677272912492,1
6_22,Cat_C,398812.6363302384,Medium,93144360.8539338,54.07070715397555,35.6,0.0023151247236677507,1
1_35,Cat_D,398287.6158610212,Medium,93542648.46979482,54.30191484967329,35.8,0.0023120769569773543,1
9_31,Cat_D,397927.7735789646,Medium,93940576.2433738,54.532913655359046,36.0,0.0023099880568575484,1
10_43,Cat_E,396937.80349551473,Medium,94337514.04686931,54.76333777909968,36.2,0.0023042412374062503,1
8_26,Cat_C,396087.61979740835,Medium,94733601.66666672,54.99326836750068,36.4,0.0022993058840100867,1
5_8,Cat_A,396042.41379310156,Medium,95129644.08045982,55.223172713619306,36.6,0.002299043461186196,1
4_2,Cat_A,395970.99984254193,Medium,95525615.08030236,55.45303560362858,36.8,0.0022986289000928553,1
6_38,Cat_D,394821.5446386402,Medium,95920436.62494099,55.682231229885694,37.0,0.0022919562625711644,1
1_50,Cat_E,392630.81483230734,Medium,96313067.43977329,55.91015512794879,37.2,0.0022792389806309873,1
9_2,Cat_A,391670.6093528557,Medium,96704738.04912615,56.137521622549016,37.4,0.0022736649460022578,1
7_13,Cat_B,391117.90584159654,Medium,97095855.95496775,56.36456727035373,37.6,0.0022704564780471085,1
4_6,Cat_A,389868.47215661814,Medium,97485724.42712437,56.59088761646257,37.8,0.002263203461088334,1
5_36,Cat_D,387168.2687765687,Medium,97872892.69590093,56.81564048274889,38.0,0.0022475286628632664,1
6_36,Cat_D,386917.9853566387,Medium,98259810.68125758,57.04024805841987,38.2,0.002246075756709801,1
7_45,Cat_E,384995.0023618342,Medium,98644805.68361941,57.26373933408706,38.4,0.0022349127566719134,1
8_20,Cat_B,384806.89209048584,Medium,99029612.5757099,57.48712141092245,38.6,0.0022338207683538355,1
7_25,Cat_C,383591.9154463861,Medium,99413204.49115628,57.70979818852425,38.8,0.0022267677760180937,1
7_18,Cat_B,382339.878496825,Medium,99795544.3696531,57.931748153223765,39.0,0.0022194996469950346,1
3_48,Cat_E,381048.5445861572,Medium,100176592.91423926,58.15294849296387,39.2,0.0022120033974012228,1
5_22,Cat_C,380950.08502597787,Medium,100557542.99926524,58.374091676500484,39.4,0.0022114318353661025,1
4_7,Cat_A,380640.04356269364,Medium,100938183.04282793,58.595054879617315,39.6,0.0022096320311682806,1
1_24,Cat_C,380416.1210832916,Medium,101318599.16391122,58.81588809475959,39.8,0.0022083321514226968,1
5_10,Cat_A,379159.00645568,Medium,101697758.1703669,59.03599154938532,40.0,0.002201034546257403,1
3_43,Cat_E,377670.25114155095,Medium,102075428.42150845,59.255230775067126,40.2,0.002192392256818064,1
10_48,Cat_E,374830.8502597994,Medium,102450259.27176824,59.472821716170436,40.4,0.0021759094110330476,1
2_32,Cat_D,373994.99291449797,Medium,102824254.26468274,59.689927438444315,40.6,0.0021710572227388826,1
6_8,Cat_A,373490.70802498126,Medium,103197744.97270772,59.90674042114349,40.8,0.0021681298269917593,1
7_22,Cat_C,372259.5977011512,Medium,103570004.57040887,60.12283873893774,41.0,0.0021609831779425014,1
3_9,Cat_A,371477.25791213865,Medium,103941481.82832101,60.3384829050771,41.2,0.0021564416613934815,1
6_10,Cat_A,369478.4456516009,Medium,104310960.27397262,60.55296675199363,41.4,0.0021448384691653663,1
10_9,Cat_A,364511.77609825355,Medium,104675472.05007087,60.764567425602756,41.6,0.0021160067360912896,1
3_20,Cat_B,363996.196399521,Medium,105039468.24647039,60.97586880295124,41.8,0.0021130137734847376,1
4_48,Cat_E,363974.7121188256,Medium,105403442.95858921,61.18715770858119,42.0,0.00211288905629958,1
10_20,Cat_B,363838.59261008597,Medium,105767281.5511993,61.39836759624348,42.2,0.002112098876622837,1
4_43,Cat_E,363483.8726184819,Medium,106130765.42381778,61.6093715674057,42.4,0.002110039711622203,1
9_43,Cat_E,362450.29286726465,Medium,106493215.71668504,61.81977554102071,42.6,0.002104039736150152,1
2_39,Cat_D,356348.995696219,Medium,106849564.71238126,62.026637685054524,42.8,0.0020686214403380916,1
3_26,Cat_C,356068.8075368696,Medium,107205633.51991813,62.233337178641506,43.0,0.0020669949358698343,1
5_29,Cat_C,355012.38938750065,Medium,107560645.90930563,62.439423416891685,43.2,0.0020608623825018155,1
1_6,Cat_A,354765.9665144627,Medium,107915411.8758201,62.64536660559081,43.4,0.0020594318869911997,1
1_31,Cat_D,354735.10785703064,Medium,108270146.98367713,62.85129188070489,43.6,0.0020592527511407973,1
1_46,Cat_E,354416.11714690615,Medium,108624563.10082404,63.05703198032243,43.8,0.002057400996175295,1
9_48,Cat_E,354409.66776885255,Medium,108978972.7685929,63.2627683360479,44.0,0.0020573635572547996,1
5_11,Cat_B,354401.26121870783,Medium,109333374.0298116,63.46849981173441,44.2,0.002057314756865073,1
7_38,Cat_D,353529.1137878565,Medium,109686903.14359947,63.673725002038786,44.4,0.002052251903043723,1
1_2,Cat_A,353341.06282475364,Medium,110040244.20642422,63.87884102794004,44.6,0.0020511602590125933,1
6_33,Cat_D,353291.3155408629,Medium,110393535.52196509,64.08392817532634,44.8,0.0020508714738629286,1
8_39,Cat_D,352837.6121870558,Medium,110746373.13415214,64.2887519459397,45.0,0.0020482377061336134,1
6_11,Cat_B,352510.38629087113,Medium,111098883.52044302,64.49338576049514,45.2,0.002046338145554359,1
1_14,Cat_B,351983.8718312093,Medium,111450867.39227423,64.69771393111357,45.4,0.002043281706184363,1
5_33,Cat_D,349954.2678318342,Medium,111800821.66010606,64.9008639077707,45.6,0.0020314997665712023,1
9_9,Cat_A,347519.1019786943,Medium,112148340.76208475,65.10260026004401,45.8,0.002017363522733213,1
7_8,Cat_A,347016.6178554555,Medium,112495357.37994021,65.30404491809529,46.0,0.002014446580512763,1
8_32,Cat_D,345313.8403401064,Medium,112840671.22028032,65.50450110638268,46.2,0.0020045618828738797,1
5_12,Cat_B,345151.908623314,Medium,113185823.12890363,65.70486329260319,46.4,0.0020036218622051724,1
4_26,Cat_C,344098.88705190964,Medium,113529922.01595554,65.90461419521522,46.6,0.0019975090261201717,1
5_50,Cat_E,342370.087125386,Medium,113872292.10308093,66.10336152194031,46.8,0.0019874732672510477,1
7_36,Cat_D,341904.1158872646,Medium,114214196.2189682,66.30183835033222,47.0,0.001984768283918976,1
10_26,Cat_C,340772.19099354383,Medium,114554968.40996175,66.49965809139336,47.2,0.001978197410611396,1
2_30,Cat_C,340633.0766808371,Medium,114895601.48664258,66.69739707599008,47.4,0.0019773898459671886,1
4_9,Cat_A,340163.0024143192,Medium,115235764.4890569,66.89486318042773,47.6,0.001974661044376573,1
6_24,Cat_C,338489.04109589336,Medium,115574253.5301528,67.09135754302933,47.8,0.001964943626015882,1
3_32,Cat_D,338330.1096940133,Medium,115912583.63984682,67.28775964525992,48.0,0.001964021022305916,1
3_39,Cat_D,335142.2476775294,Medium,116247725.88752435,67.48231117970563,48.2,0.0019455153444570025,1
9_39,Cat_D,334658.97732640285,Medium,116582384.86485076,67.67658217360768,48.4,0.0019427099390204952,1
2_21,Cat_C,334606.8325198141,Medium,116916991.69737057,67.8708228972224,48.6,0.0019424072361471474,1
1_7,Cat_A,333753.7091271718,Medium,117250745.40649775,68.064568378992,48.8,0.0019374548176961683,1
7_11,Cat_B,333487.82895082183,Medium,117584233.23544857,68.25815951616126,49.0,0.0019359113716923883,1
7_10,Cat_A,332563.3031543583,Medium,117916796.53860293,68.45121396207898,49.2,0.001930544459177387,1
5_35,Cat_D,331936.4572508279,Medium,118248732.99585377,68.64390452121958,49.4,0.0019269055914059273,1
2_19,Cat_B,329944.4339474125,Medium,118578677.42980118,68.83543870215655,49.6,0.0019153418093695914,1
10_32,Cat_D,329740.60043038154,Medium,118908418.03023157,69.0268545568491,49.8,0.0019141585469255205,1
8_19,Cat_B,328314.54993964394,Medium,119236732.58017121,69.2174425830208,50.0,0.0019058802617169964,1
2_3,Cat_A,327676.90048811096,Medium,119564409.48065932,69.40766045090868,50.2,0.0019021786788788466,1
5_24,Cat_C,326937.99795308016,Medium,119891347.47861241,69.59744938265679,50.4,0.0018978893174810448,1
6_12,Cat_B,325740.609352857,Medium,120217088.08796526,69.7865432251074,50.6,0.001890938424506031,1
8_30,Cat_C,324090.07610349846,Medium,120541178.16406876,69.97467892581805,50.8,0.0018813570071066548,1
6_29,Cat_C,323236.33548522455,Medium,120864414.49955398,70.16231902638147,51.0,0.0018764010056340017,1
9_20,Cat_B,323164.6538602861,Medium,121187579.15341426,70.34991751544938,51.2,0.0018759848906792333,1
6_35,Cat_D,323037.1012438954,Medium,121510616.25465816,70.53744195966796,51.4,0.0018752444421856953,1
10_39,Cat_D,322148.6083556391,Medium,121832764.8630138,70.72445062989517,51.6,0.001870086702272204,1
4_20,Cat_B,321704.6528105838,Medium,122154469.51582439,70.9112015819949,51.8,0.0018675095209972463,1
6_50,Cat_E,319348.10161129537,Medium,122473817.6174357,71.09658454585978,52.0,0.0018538296386488243,1
4_39,Cat_D,318123.83561643836,Medium,122791941.45305213,71.28125681798252,52.2,0.001846722721227351,1
2_42,Cat_E,316240.65265312826,Medium,123108182.10570526,71.4648358941931,52.4,0.0018357907621057272,1
7_12,Cat_B,315660.5668398692,Medium,123423842.67254514,71.64807822806259,52.6,0.0018324233386948678,1
7_29,Cat_C,315651.6301894704,Medium,123739494.3027346,71.83131537416759,52.8,0.0018323714610500787,1
8_21,Cat_C,314309.29512412765,Medium,124053803.59785873,72.0137732889208,53.0,0.001824579147532089,1
3_30,Cat_C,311801.95507268904,Medium,124365605.55293141,72.19477568185374,53.2,0.0018100239293295213,1
9_26,Cat_C,309892.8289508193,Medium,124675498.38188224,72.37466981875801,53.4,0.0017989413690425384,1
6_31,Cat_D,309642.3571091162,Medium,124985140.73899135,72.55441855566725,53.6,0.0017974873690924733,1
7_33,Cat_D,309033.4215084223,Medium,125294174.16049977,72.73381380280814,53.8,0.0017939524714090393,1
1_48,Cat_E,308064.0292867244,Medium,125602238.1897865,72.9126463135423,54.0,0.0017883251073414533,1
3_21,Cat_C,307521.69290925394,Medium,125909759.88269575,73.09116399564725,54.2,0.001785176821049475,1
4_32,Cat_D,307445.8982837368,Medium,126217205.78097948,73.26963767864197,54.4,0.0017847368299472104,1
5_31,Cat_D,305601.26410539,Medium,126522807.04508488,73.4470405434621,54.6,0.0017740286482012416,1
10_21,Cat_C,305181.6241536744,Medium,126827988.66923855,73.62419980546255,54.8,0.001771592620004655,1
5_46,Cat_E,304295.7455518837,Medium,127132284.41479044,73.80084481107636,55.0,0.0017664500561379586,1
5_7,Cat_A,304256.36435206997,Medium,127436540.77914251,73.97746695573214,55.2,0.0017662214465578422,1
7_35,Cat_D,303851.8369810509,Medium,127740392.61612357,74.15385427048719,55.4,0.001763873147550408,1
6_2,Cat_A,302526.65511992906,Medium,128042919.2712435,74.32947231140018,55.6,0.0017561804091300065,1
9_32,Cat_D,302175.48181388853,Medium,128345094.75305739,74.50488649467954,55.8,0.0017541418327935402,1
6_14,Cat_B,301064.2442135101,Medium,128646158.9972709,74.67965559969203,56.0,0.0017476910501248207,1
5_2,Cat_A,301051.0069280458,Medium,128947210.00419894,74.85441702040264,56.2,0.001747614207106168,1
1_43,Cat_E,299705.76995748695,Medium,129246915.77415642,75.02839752519283,56.4,0.0017398050479020101,1
1_26,Cat_C,299403.32309872424,Medium,129546319.09725514,75.20220245826425,56.6,0.0017380493307142092,1
7_24,Cat_C,298130.92583844747,Medium,129844450.02309358,75.37526875918432,56.8,0.0017306630092006785,1
1_9,Cat_A,298077.78932451777,Medium,130142527.8124181,75.54830421412662,57.0,0.0017303545494230244,1
10_30,Cat_C,297390.54715792695,Medium,130439918.35957603,75.72094072199803,57.2,0.0017263650787140172,1
8_3,Cat_A,296057.06161759095,Medium,130735975.42119363,75.89280313570545,57.4,0.0017186241370741216,1
6_7,Cat_A,294600.5778617523,Medium,131030575.99905539,76.06382005424906,57.6,0.001710169185436204,1
7_50,Cat_E,294174.2342413252,Medium,131324750.2332967,76.23458947846413,57.8,0.0017076942421507773,1
3_19,Cat_B,293238.1719414267,Medium,131617988.40523814,76.40481551443723,58.0,0.001702260359730879,1
9_19,Cat_B,292793.8584474882,Medium,131910782.26368563,76.57478362449194,58.2,0.001699681100547064,1
10_19,Cat_B,291597.7633443549,Medium,132202380.02702999,76.74405739612985,58.4,0.0016927377163789936,1
6_6,Cat_A,287831.04078098084,Medium,132490211.06781097,76.91114456891422,58.6,0.0016708717278438572,1
5_6,Cat_A,286698.7576759584,Medium,132776909.82548693,77.07757444642463,58.8,0.0016642987751040695,1
5_14,Cat_B,285879.9690337494,Medium,133062789.79452068,77.24352901356211,59.0,0.0016595456713747617,1
1_20,Cat_B,284554.9976381663,Medium,133347344.79215884,77.40871442903371,59.2,0.001651854154715979,1
3_42,Cat_E,284545.6072534515,Medium,133631890.39941229,77.57389439334608,59.4,0.0016517996431237236,1
6_46,Cat_E,283287.55156667926,Medium,133915177.95097896,77.73834405085297,59.6,0.0016444965750690157,1
9_30,Cat_C,281265.62352385785,Medium,134196443.57450283,77.90161997032477,59.8,0.0016327591947179656,1
10_3,Cat_A,280632.01385608525,Medium,134477075.5883589,78.06452807662482,60.0,0.0016290810630004927,1
7_31,Cat_D,280596.1441767692,Medium,134757671.7325357,78.22741536041981,60.2,0.0016288728379498052,1
9_21,Cat_C,278992.88143599394,Medium,135036664.61397168,78.38937194321096,60.4,0.0016195658279115612,1
4_19,Cat_B,278878.93455098674,Medium,135315543.54852268,78.55126237933911,60.6,0.0016189043612812846,1
7_46,Cat_E,278208.4073374264,Medium,135593751.9558601,78.71276357149935,60.8,0.0016150119216026175,1
8_42,Cat_E,277593.8172466298,Medium,135871345.77310672,78.87390799143515,61.0,0.0016114441993578636,1
7_7,Cat_A,276866.51524694153,Medium,136148212.28835365,79.03463020939243,61.2,0.0016072221795729712,1
7_6,Cat_A,276815.73452999577,Medium,136425028.02288365,79.19532294892237,61.4,0.0016069273952994123,1
4_30,Cat_C,272078.02708235127,Medium,136697106.049966,79.35326542864449,61.6,0.0015794247972210902,1
1_39,Cat_D,270971.7241379312,Medium,136968077.77410394,79.510565694689,61.8,0.0015730026604451317,1
4_21,Cat_C,270527.77856505616,Medium,137238605.552669,79.66760824839491,62.0,0.0015704255370591147,1
3_3,Cat_A,270080.814832309,Medium,137508686.3675013,79.82439133770727,62.2,0.0015678308931235878,1
2_17,Cat_B,269727.1988663193,Medium,137778413.5663676,79.98096915141122,62.4,0.0015657781370397297,1
10_42,Cat_E,268108.46953235904,Medium,138046522.03589997,80.13660728568668,62.6,0.001556381342754419,1
1_32,Cat_D,263945.0677058732,Medium,138310467.10360584,80.28982854706868,62.8,0.0015322126138200645,0
6_43,Cat_E,263884.8157770417,Medium,138574351.91938287,80.44301483194359,63.0,0.0015318628487490024,0
1_30,Cat_C,262650.82506691734,Medium,138837002.7444498,80.59548477983677,63.2,0.0015246994789318545,0
6_48,Cat_E,262268.0703826163,Medium,139099270.81483242,80.74773253696868,63.4,0.0015224775713190996,0
6_9,Cat_A,260030.98252243717,Medium,139359301.79735485,80.8986816548544,63.6,0.0015094911788572794,0
1_19,Cat_B,259343.85372382143,Medium,139618645.65107867,81.04923189147983,63.8,0.0015055023662543052,0
7_2,Cat_A,258102.0792001249,Medium,139876747.7302788,81.19906127258587,64.0,0.0014982938110603566,0
5_48,Cat_E,257600.21623891496,Medium,140134347.9465177,81.34859932005712,64.2,0.001495380474712538,0
2_37,Cat_D,252911.83619377398,Medium,140387259.78271148,81.49541574249253,64.4,0.0014681642243541404,0
5_43,Cat_E,251917.3912244797,Medium,140639177.17393595,81.64165488529208,64.6,0.0014623914279956174,0
5_9,Cat_A,251655.86915446402,Medium,140890833.0430904,81.78774221339097,64.8,0.0014608732809889193,0
7_14,Cat_B,251450.4109589041,Medium,141142283.45404932,81.9337102721125,65.0,0.001459680587215227,0
3_17,Cat_B,250436.08801763647,Medium,141392719.54206696,82.07908951194887,65.2,0.0014537923983636391,0
4_3,Cat_A,250073.62305148924,Medium,141642793.16511846,82.22425833929371,65.4,0.0014516882734484596,0
2_40,Cat_D,248429.6724925214,Medium,141891222.837611,82.36847284617907,65.6,0.001442145068853502,0
10_17,Cat_B,247842.481761402,Medium,142139065.3193724,82.51234648628758,65.8,0.001438736401085018,0
4_42,Cat_E,247691.2265784924,Medium,142386756.5459509,82.65613232210363,66.0,0.0014378583581605032,0
2_23,Cat_C,247395.00157455678,Medium,142634151.54752544,82.79974619801473,66.2,0.0014361387591109583,0
9_42,Cat_E,245152.2319319795,Medium,142879303.77945742,82.94205813638021,66.4,0.001423119383654854,0
8_37,Cat_D,245024.75804335435,Medium,143124328.53750077,83.08429607559815,66.6,0.001422379392179424,0
6_26,Cat_C,244150.97543694125,Medium,143368479.51293772,83.22602678020743,66.8,0.00141730704609272,0
7_43,Cat_E,243447.05505694734,Medium,143611926.56799468,83.36734885597029,67.0,0.0014132207576285098,0
6_20,Cat_B,243171.79499291326,Medium,143855098.3629876,83.50851114206712,67.2,0.0014116228609681943,0
8_49,Cat_E,242872.84915761527,Medium,144097971.2121452,83.64949988880451,67.4,0.0014098874673740887,0
2_49,Cat_E,242601.8225476319,Medium,144340573.03469285,83.79033130341442,67.6,0.0014083141460989202,0
1_21,Cat_C,242367.10308087835,Medium,144582940.13777372,83.93102646235157,67.8,0.001406951589371512,0
2_44,Cat_E,242082.67595654234,Medium,144825022.81373027,84.07155651010426,68.0,0.0014053004775268843,0
8_40,Cat_D,241945.7670708039,Medium,145066968.58080107,84.21200708165247,68.2,0.0014045057154822825,0
7_9,Cat_A,241798.17299112794,Medium,145308766.7537922,84.35237197419463,68.4,0.0014036489254214935,0
8_17,Cat_B,241665.58232299253,Medium,145550432.33611518,84.49265989727644,68.6,0.0014028792308181516,0
9_3,Cat_A,240269.50322783666,Medium,145790701.839343,84.63213739036307,68.8,0.0013947749308663448,0
5_32,Cat_D,239240.49834671515,Medium,146029942.33768973,84.7710175416345,69.0,0.0013888015127144523,0
3_40,Cat_D,238213.00923739065,Medium,146268155.3469271,84.9093012310029,69.2,0.0013828368936838588,0
8_23,Cat_C,236530.98567154614,Medium,146504686.33259866,85.04660849836547,69.4,0.0013730726736257614,0
7_48,Cat_E,236243.19162336463,Medium,146740929.52422202,85.18374870002962,69.6,0.0013714020166415686,0
8_44,Cat_E,231423.83561643766,Medium,146972353.35983846,85.31809124454168,69.8,0.0013434254451205139,0
5_26,Cat_C,231121.42654700085,Medium,147203474.78638545,85.45225823927181,70.0,0.0013416699473013957,0
9_17,Cat_B,229856.6677163722,Medium,147433331.45410183,85.58569103599228,70.2,0.0013343279672046544,0
3_37,Cat_D,229594.9422663081,Medium,147662926.39636815,85.71897189994908,70.4,0.0013328086395679173,0
5_20,Cat_B,228977.26814674772,Medium,147891903.6645149,85.85189420138927,70.6,0.0013292230144018686,0
5_39,Cat_D,227858.03049388534,Medium,148119761.69500878,85.98416678049728,70.8,0.0013227257910800481,0
10_37,Cat_D,226881.0478664769,Medium,148346642.74287525,86.11587221693495,71.0,0.0013170543643767222,0
2_16,Cat_B,226218.44932556644,Medium,148572861.1922008,86.24719301203375,71.2,0.001313207950988111,0
7_20,Cat_B,225896.65013383812,Medium,148798757.84233466,86.3783270013002,71.4,0.0013113398926645787,0
3_23,Cat_C,223464.63522804645,Medium,149022222.4775627,86.50804919532152,71.6,0.001297221940213181,0
4_23,Cat_C,223350.456883432,Medium,149245572.93444613,86.63770510831651,71.8,0.0012965591299498036,0
4_17,Cat_B,222656.64121135627,Medium,149468229.5756575,86.76695825829202,72.0,0.0012925314997551559,0
9_49,Cat_E,220964.60872303793,Medium,149689194.18438053,86.89522917603864,72.2,0.0012827091774661723,0
6_32,Cat_D,220834.071799718,Medium,149910028.25618026,87.02342431653274,72.4,0.0012819514049409325,0
1_42,Cat_E,220350.09184905153,Medium,150130378.34802932,87.15133850455756,72.6,0.0012791418802481902,0
1_3,Cat_A,219963.72093633685,Medium,150350342.06896564,87.27902840258476,72.8,0.001276898980271994,0
10_23,Cat_C,219073.62620059808,Medium,150569415.69516623,87.40620159674116,73.0,0.0012717319415641007,0
7_26,Cat_C,218912.67123287672,Medium,150788328.3663991,87.5332813558378,73.2,0.001270797590966292,0
2_34,Cat_D,218706.78528315632,Medium,151007035.15168226,87.6602415972439,73.4,0.0012696024140610677,0
10_44,Cat_E,217010.75211252776,Medium,151224045.9037948,87.7862172840076,73.6,0.0012597568676370285,0
3_49,Cat_E,216983.18611242427,Medium,151441029.08990723,87.91217696858818,73.8,0.0012595968458058262,0
8_16,Cat_B,214804.2087860162,Medium,151655833.29869324,88.03687174734054,74.0,0.0012469477875234763,0
3_44,Cat_E,212608.0514879544,Medium,151868441.3501812,88.16029164721628,74.2,0.001234198998757425,0
6_39,Cat_D,211043.03101873555,Medium,152079484.38119993,88.2828030458934,74.4,0.0012251139867711586,0
10_49,Cat_E,210630.19471999258,Medium,152290114.57591993,88.40507479130105,74.6,0.0012227174540764025,0
9_40,Cat_D,209989.66619430107,Medium,152500104.24211422,88.52697470710977,74.8,0.0012189991580873684,0
9_37,Cat_D,208606.95533512003,Medium,152708711.19744933,88.64807195324252,75.0,0.0012109724613276317,0
9_23,Cat_C,207831.03736944473,Medium,152916542.23481876,88.7687187756168,75.2,0.0012064682237427791,0
10_40,Cat_D,207047.8407599848,Medium,153123590.07557875,88.88891094894817,75.4,0.0012019217333137445,0
5_19,Cat_B,205955.25665249414,Medium,153329545.33223125,89.00846887244654,75.6,0.0011955792349836677,0
5_21,Cat_C,205167.19807904426,Medium,153534712.5303103,89.12756932451074,75.8,0.001191004520641915,0
8_34,Cat_D,204778.55298378275,Medium,153739491.0832941,89.24644416640444,76.0,0.0011887484189369853,0
4_40,Cat_D,204741.33286096816,Medium,153944232.41615507,89.36529740185475,76.2,0.001188532354502972,0
6_19,Cat_B,204563.71647509697,Medium,154148796.13263017,89.48404753021947,76.4,0.001187501283647137,0
4_49,Cat_E,203431.7928935093,Medium,154352227.92552367,89.6021405720151,76.6,0.0011809304179565467,0
4_37,Cat_D,202723.14150002802,Medium,154554951.0670237,89.71982223859041,76.8,0.0011768166657529892,0
9_44,Cat_E,200160.8339893966,Medium,154755111.90101308,89.83601647449598,77.0,0.0011619423590557704,0
7_19,Cat_B,198301.34991864703,Medium,154953413.2509317,89.95113127179972,77.2,0.0011511479730376354,0
5_30,Cat_C,198157.60300215345,Medium,155151570.85393387,90.0661626233924,77.4,0.0011503135159266784,0
4_44,Cat_E,197986.89287776296,Medium,155349557.74681163,90.18109487701436,77.6,0.001149322536219532,0
6_21,Cat_C,197263.83194247552,Medium,155546821.5787541,90.29560739061417,77.8,0.0011451251359982006,0
7_39,Cat_D,196166.69159712258,Medium,155742988.27035123,90.40948300946506,78.0,0.0011387561885088922,0
3_34,Cat_D,195782.83629874393,Medium,155938771.10664997,90.52313579864341,78.2,0.001136527891783481,0
10_34,Cat_D,192930.1438093722,Medium,156131701.25045934,90.63513258740714,78.4,0.001119967887637331,0
2_41,Cat_E,190987.86490316407,Medium,156322689.1153625,90.74600187480647,78.6,0.0011086928739933366,0
7_32,Cat_D,190441.4147378373,Medium,156513130.53010035,90.85655394550484,78.8,0.0011055207069836815,0
2_27,Cat_C,189418.37112265851,Medium,156702548.901223,90.96651213492888,79.0,0.0010995818942402217,0
2_4,Cat_A,188980.4873248325,Medium,156891529.38854784,91.0762161309011,79.2,0.0010970399597223768,0
2_1,Cat_A,188887.43898598835,Medium,157080416.8275338,91.18586611190739,79.4,0.001096499810062786,0
3_16,Cat_B,188699.4292237427,Medium,157269116.25675756,91.29540695242783,79.6,0.001095408405204427,0
6_30,Cat_C,187757.36839343,Medium,157456873.62515098,91.40440092253324,79.8,0.0010899397010542156,0
8_41,Cat_E,184455.15745551823,Medium,157641328.78260648,91.51147794480684,80.0,0.0010707702227360934,0
10_16,Cat_B,184436.9710806692,Medium,157825765.75368714,91.61854440981062,80.2,0.0010706646500380109,0
8_1,Cat_A,184105.99354432407,Medium,158009871.74723145,91.72541874091304,80.4,0.001068743311024227,0
9_34,Cat_D,183904.72838923134,Medium,158193776.4756207,91.83217623671636,80.6,0.001067574958033069,0
5_3,Cat_A,182500.62929722227,Medium,158376277.1049179,91.93811864688138,80.8,0.001059424101650229,0
1_17,Cat_B,182332.14454416715,Medium,158558609.24946207,92.04396325091344,81.0,0.0010584460403206075,0
7_30,Cat_C,182199.58431742952,Medium,158740808.83377948,92.14973090315652,81.2,0.0010576765224309056,0
1_23,Cat_C,182192.54316905577,Medium,158923001.37694854,92.2554944679823,81.4,0.001057635648257928,0
7_3,Cat_A,181958.78601795062,Medium,159104960.1629665,92.3611223357638,81.6,0.0010562786778147708,0
4_34,Cat_D,181509.4586154421,Medium,159286469.62158194,92.46648936703113,81.8,0.0010536703126733326,0
5_42,Cat_E,181070.9924946196,Medium,159467540.61407655,92.57160186680564,82.0,0.0010511249977451307,0
1_49,Cat_E,180597.16133942266,Medium,159648137.775416,92.67643930553086,82.2,0.0010483743872521068,0
7_21,Cat_C,180526.22028026986,Medium,159828663.99569625,92.78123556266225,82.4,0.0010479625713139785,0
2_47,Cat_E,179983.6088804919,Medium,160008647.60457674,92.8857168315128,82.6,0.0010448126885055267,0
9_16,Cat_B,178725.2435312016,Medium,160187372.84810793,92.98946761379743,82.8,0.0010375078228464145,0
4_16,Cat_B,178442.45971763053,Medium,160365815.30782557,93.09305423884668,83.0,0.0010358662504923496,0
6_3,Cat_A,178147.83551146806,Medium,160543963.14333704,93.19646983326103,83.2,0.0010341559441435987,0
3_41,Cat_E,177870.28341993515,Medium,160721833.42675698,93.29972430747742,83.4,0.0010325447421638263,0
1_44,Cat_E,177763.5396000642,Medium,160899596.96635705,93.40291681644146,83.6,0.0010319250896403858,0
3_1,Cat_A,175071.0685981227,Medium,161074668.03495517,93.50454633426217,83.8,0.0010162951782070088,0
8_27,Cat_C,174738.54983467233,Medium,161249406.58478984,93.60598282349244,84.0,0.0010143648923027528,0
10_47,Cat_E,173786.9792158731,Medium,161423193.5640057,93.70686692183405,84.2,0.0010088409834161907,0
8_47,Cat_E,172414.63444076898,Medium,161595608.19844648,93.80695436805665,84.4,0.001000874462226002,0
5_17,Cat_B,172171.1588726169,Medium,161767779.3573191,93.90690047565151,84.6,0.0009994610759486145,0
1_40,Cat_D,171691.0271348341,Medium,161939470.38445392,94.00656786468144,84.8,0.0009966738902992657,0
3_47,Cat_E,171131.45646354745,Medium,162110601.84091747,94.10591042049954,85.0,0.000993425558181067,0
6_42,Cat_E,170808.41783446155,Medium,162281410.25875193,94.20506545098651,85.2,0.0009915503048696919,0
1_37,Cat_D,168090.59911824806,Medium,162449500.8578702,94.30264277587162,85.4,0.0009757732488509789,0
7_42,Cat_E,166918.9985828996,Medium,162616419.8564531,94.3995399815432,85.6,0.0009689720567157287,0
8_4,Cat_A,164131.12764393954,Medium,162780550.98409703,94.49481881599249,85.8,0.0009527883444929375,0
6_17,Cat_B,162981.18537762982,Medium,162943532.16947466,94.58943010394776,86.0,0.0009461128795527553,0
3_27,Cat_C,162890.54558337363,Medium,163106422.71505803,94.6839887751077,86.2,0.0009455867115993987,0
3_4,Cat_A,161441.81415000244,Medium,163267864.52920803,94.7777064513608,86.4,0.0009371767625310472,0
4_47,Cat_E,161229.30483388458,Medium,163429093.83404192,94.87130076503034,86.6,0.0009359431366954135,0
8_5,Cat_A,161198.98205007074,Medium,163590292.81609198,94.9648774761918,86.8,0.0009357671116147044,0
9_27,Cat_C,159352.25555030556,Medium,163749645.07164228,95.05738215457698,87.0,0.0009250467838517733,0
2_5,Cat_A,159036.2168687346,Medium,163908681.288511,95.14970337113104,87.2,0.0009232121655405962,0
10_1,Cat_A,157754.55518816048,Medium,164066435.84369916,95.2412805774974,87.4,0.0009157720636637396,0
10_41,Cat_E,157603.74665407106,Medium,164224039.59035322,95.33277023885292,87.6,0.000914896613555079,0
10_27,Cat_C,156971.2974334743,Medium,164381010.8877867,95.42389276068131,87.8,0.0009112252182840037,0
9_1,Cat_A,156574.3132315122,Medium,164537585.20101818,95.51478483145144,88.0,0.0009089207077014781,0
9_41,Cat_E,155719.27045609732,Medium,164693304.4714743,95.60518054616644,88.2,0.0009039571471499079,0
4_41,Cat_E,155610.6954285401,Medium,164848915.16690284,95.69551323260507,88.4,0.0009033268643860926,0
10_4,Cat_A,154645.70854983453,Medium,165003560.87545267,95.7852857399577,88.6,0.0008977250735264463,0
7_17,Cat_B,152709.11641211386,Medium,165156269.99186477,95.87393404713981,88.8,0.0008864830718212014,0
4_27,Cat_C,152342.92526111353,Medium,165308612.91712588,95.96236977876387,89.0,0.0008843573162406606,0
9_47,Cat_E,152210.9890830835,Medium,165460823.90620896,96.05072892086196,89.2,0.000883591420980886,0
5_40,Cat_D,151745.32934445972,Medium,165612569.2355534,96.13881774545365,89.4,0.0008808882459169648,0
5_49,Cat_E,151630.88568729197,Medium,165764200.1212407,96.22684013500393,89.6,0.00088022389550266,0
1_34,Cat_D,151596.42366031584,Medium,165915796.544901,96.31484251919743,89.8,0.0008800238419351143,0
6_40,Cat_D,151586.25124652224,Medium,166067382.79614753,96.40283899826042,90.0,0.000879964790629996,0
5_23,Cat_C,151093.98126279333,Medium,166218476.77741033,96.49054971245386,90.2,0.0008771071419342646,0
4_4,Cat_A,148822.86017949783,Medium,166367299.6375898,96.57694203096685,90.4,0.0008639231851299806,0
1_16,Cat_B,148441.12790636646,Medium,166515740.76549616,96.66311275223269,90.6,0.0008617072126585955,0
5_44,Cat_E,148259.80423030592,Medium,166664000.56972647,96.74917821431487,90.8,0.0008606546208217449,0
4_1,Cat_A,147092.68068020928,Medium,166811093.25040668,96.83456615609296,91.0,0.0008538794177808709,0
6_23,Cat_C,147055.53666089353,Medium,166958148.78706756,96.91993253560605,91.2,0.000853663795130983,0
5_37,Cat_D,145160.37920537515,Medium,167103309.16627294,97.00419876796211,91.4,0.0008426623235605568,0
3_5,Cat_A,145157.86490316532,Medium,167248467.0311761,97.08846354075477,91.6,0.0008426477279267215,0
9_4,Cat_A,144994.50191570816,Medium,167393461.53309178,97.1726334806217,91.8,0.0008416993986694681,0
10_5,Cat_A,142541.82569674103,Medium,167536003.35878852,97.25537963126123,92.0,0.0008274615063952102,0
6_37,Cat_D,141581.212407494,Medium,167677584.57119602,97.33756814170252,92.2,0.0008218851044128567,0
1_47,Cat_E,140820.37133259978,Medium,167818404.9425286,97.41931498058607,92.4,0.0008174683888356426,0
7_40,Cat_D,139190.4036109797,Medium,167957595.34613958,97.50011561610812,92.6,0.0008080063552204933,0
6_44,Cat_E,138951.3651393481,Medium,168096546.71127892,97.58077748875627,92.8,0.0008066187264816592,0
7_49,Cat_E,138040.03857660366,Medium,168234586.74985552,97.6609103323656,93.0,0.000801328436093273,0
6_49,Cat_E,136947.12958589214,Medium,168371533.8794414,97.74040873754579,93.2,0.0007949840518019491,0
7_37,Cat_D,136410.93161181983,Medium,168507944.81105322,97.8195958774667,93.4,0.0007918713992090472,0
7_44,Cat_E,135247.13037316894,Medium,168643191.9414264,97.89810742569978,93.6,0.0007851154823308148,0
1_1,Cat_A,133389.74964572422,Medium,168776581.6910721,97.97554075633099,93.8,0.0007743333063121729,0
6_34,Cat_D,132356.96661943028,Medium,168908938.65769154,98.05237455191728,94.0,0.000768337955863002,0
7_23,Cat_C,131181.5931874255,Medium,169040120.25087896,98.12852603810713,94.2,0.0007615148618983382,0
1_41,Cat_E,130734.88427019285,Medium,169170855.13514915,98.20441820782492,94.4,0.0007589216971779712,0
5_34,Cat_D,128715.31910985126,Medium,169299570.454259,98.27913801117118,94.6,0.0007471980334626289,0
1_4,Cat_A,127667.60877552142,Medium,169427238.06303453,98.35324961410521,94.8,0.0007411160293401699,0
4_5,Cat_A,127448.2191780825,Medium,169554686.28221262,98.42723386042239,95.0,0.0007398424631718056,0
6_16,Cat_B,126459.37411431297,Medium,169681145.65632692,98.50064407787326,95.2,0.0007341021745087505,0
5_16,Cat_B,124100.97097569863,Medium,169805246.62730262,98.57268523203044,95.4,0.0007204115415718829,0
9_5,Cat_A,122409.10880176262,Medium,169927655.73610437,98.64374425282696,95.6,0.0007105902079653065,0
1_27,Cat_C,122347.57072377107,Medium,170050003.30682814,98.7147675505012,95.8,0.0007102329767423539,0
7_34,Cat_D,121474.24132682427,Medium,170171477.54815498,98.78528387665685,96.0,0.0007051632615563407,0
6_27,Cat_C,120573.47451844903,Medium,170292051.02267343,98.85527730375705,96.2,0.0006999342710019842,0
7_16,Cat_B,118472.69327664963,Medium,170410523.71595007,98.9240512181967,96.4,0.0006877391443965175,0
5_4,Cat_A,116081.79026924814,Medium,170526605.50621933,98.99143720302727,96.6,0.0006738598483058508,0
5_41,Cat_E,115604.13609405335,Medium,170642209.6423134,99.05854590752881,96.8,0.0006710870450152325,0
1_5,Cat_A,114735.69018002358,Medium,170756945.33249342,99.12515047539483,97.0,0.0006660456786602465,0
5_1,Cat_A,113196.7047184167,Medium,170870142.03721184,99.19086165549754,97.2,0.000657111801027089,0
5_27,Cat_C,110793.7149005411,Medium,170980935.7521124,99.25517788954507,97.4,0.0006431623404751946,0
5_47,Cat_E,109093.23938487287,Medium,171090028.99149725,99.31850699014953,97.6,0.0006332910060447195,0
6_41,Cat_E,107710.75158767568,Medium,171197739.74308494,99.3810335505665,97.8,0.0006252656041695145,0
6_47,Cat_E,104510.57864903133,Medium,171302250.32173398,99.44170239665463,98.0,0.0006066884608812734,0
7_47,Cat_E,104188.06854563505,Medium,171406438.39027962,99.50218402422308,98.2,0.0006048162756845458,0
6_4,Cat_A,102190.1692646827,Medium,171508628.5595443,99.56150586255735,98.4,0.0005932183833426875,0
6_1,Cat_A,101179.23214192012,Medium,171609807.7916862,99.62024084748884,98.6,0.0005873498493149863,0
7_27,Cat_C,99828.74744134831,Medium,171709636.53912756,99.6781918701698,98.8,0.0005795102268095453,0
7_1,Cat_A,95795.69595339378,Medium,171805432.23508096,99.73380168889656,99.0,0.0005560981872676061,0
7_4,Cat_A,95443.11289560654,Medium,171900875.34797657,99.78920683162265,99.2,0.0005540514272608502,0
6_5,Cat_A,93708.46165958187,Medium,171994583.80963615,99.84360500175117,99.4,0.0005439817012852266,0
5_5,Cat_A,93562.73736419383,Medium,172088146.54700035,99.89791857829155,99.6,0.0005431357654036651,0
7_5,Cat_A,89483.61281687839,Medium,172177630.15981722,99.94986420526608,99.8,0.0005194562697454831,0
7_41,Cat_E,86365.92347661732,Medium,172263996.08329383,99.99999999999991,100.0,0.0005013579473383238,0
