sku,category,cv,volatility_tier,weekly_mean,weekly_std,fill_rate,stockout_rate,lost_revenue,total_stockout_cost,total_overstock_cost,net_impact,financial_waste,turnover_ratio,max_consecutive_stockout_days,stockout_episodes,max_consecutive_overstock_days,overstock_episodes
10_1,Cat_A,0.32105363425878014,Medium,173.05747126436782,38.87129343848619,1.0,0.0,0.0,0.0,157754.55518816048,157754.55518816048,157754.55518816048,28.26574875620275,55,10,1692,7
10_10,Cat_A,0.2681053517540852,Medium,575.3103448275862,123.06580263090295,1.0,0.0,0.0,0.0,543946.360415682,543946.360415682,543946.360415682,27.437055850894748,48,10,1700,7
10_11,Cat_B,0.2738998732835934,Medium,547.6053639846743,118.95539488025335,1.0,0.0,0.0,0.0,526072.5788589693,526072.5788589693,526072.5788589693,27.04609106123304,33,7,1720,7
10_12,Cat_B,0.2758628643482702,Medium,546.1111111111111,119.80990998208173,1.0,0.0,0.0,0.0,526820.4870624077,526820.4870624077,526820.4870624077,26.97311072110867,34,9,1713,7
10_13,Cat_B,0.2644628883609713,Medium,662.4291187739464,141.3685573067423,1.0,0.0,0.0,0.0,636516.7556290393,636516.7556290393,636516.7556290393,27.066923598614,47,8,1713,6
10_14,Cat_B,0.27510245531254485,Medium,462.44827586206895,98.87674051223377,1.0,0.0,0.0,0.0,436148.6750118074,436148.6750118074,436148.6750118074,27.47026224487776,34,10,1706,7
10_15,Cat_B,0.2625895175380047,Medium,692.5555555555555,145.25132654557024,1.0,0.0,0.0,0.0,634289.2770167392,634289.2770167392,634289.2770167394,28.116514791205073,41,9,1706,8
10_16,Cat_B,0.3083183916547875,Medium,200.72030651340995,44.763506014106135,1.0,0.0,0.0,0.0,184436.9710806692,184436.9710806692,184436.97108066923,28.065132182226336,48,10,1699,8
10_17,Cat_B,0.29682127360014593,Medium,259.6475095785441,56.79110070049663,1.0,0.0,0.0,0.0,247842.481761402,247842.481761402,247842.481761402,27.215786801203315,40,9,1707,7
10_18,Cat_B,0.2627561626211265,Medium,662.6743295019157,141.21265085525414,1.0,0.0,0.0,0.0,616490.9460452414,616490.9460452414,616490.9460452414,27.784783530076105,48,9,1693,9
10_19,Cat_B,0.2848291092641727,Medium,317.37931034482756,67.98216531606658,1.0,0.0,0.0,0.0,291597.7633443549,291597.7633443549,291597.7633443549,28.075665564379115,55,9,1699,6
10_2,Cat_A,0.269507589193564,Medium,458.7164750957854,97.53636440514592,1.0,0.0,0.0,0.0,436575.4608198182,436575.4608198182,436575.46081981825,27.283651470739038,47,9,1700,8
10_20,Cat_B,0.28002865849530933,Medium,372.4750957854406,81.87892299756261,1.0,0.0,0.0,0.0,363838.59261008597,363838.59261008597,363838.59261008597,26.726722004844646,47,10,1699,7
10_21,Cat_C,0.2920441674575247,Medium,316.455938697318,70.03330919847022,1.0,0.0,0.0,0.0,305181.6241536744,305181.6241536744,305181.6241536744,26.987731625361018,41,9,1706,8
10_22,Cat_C,0.266384330319095,Medium,633.3716475095786,133.26709661127285,1.0,0.0,0.0,0.0,581821.488741935,581821.488741935,581821.488741935,28.052158999386833,41,10,1700,8
10_23,Cat_C,0.3014405048673535,Medium,231.57471264367817,51.220330740508764,1.0,0.0,0.0,0.0,219073.62620059808,219073.62620059808,219073.62620059808,27.39421223039928,34,11,1707,8
10_24,Cat_C,0.27366667282846835,Medium,519.9386973180077,112.03953661984147,1.0,0.0,0.0,0.0,474612.6817299149,474612.6817299149,474612.68172991497,28.184487112325602,41,8,1707,7
10_25,Cat_C,0.26664982812022925,Medium,633.1187739463602,133.8348195179942,1.0,0.0,0.0,0.0,574138.6899700855,574138.6899700855,574138.6899700855,28.348769930195672,48,10,1700,8
10_26,Cat_C,0.2776689208413311,Medium,375.81609195402297,80.41103953136407,0.9998545758113523,0.000547645125958379,1426.4367816082085,1426.4367816079016,339345.7542119359,340772.19099354383,339345.7542119359,28.486786422671145,55,10,1686,7
10_27,Cat_C,0.31491744061593885,Medium,172.816091954023,38.703765092827076,1.0,0.0,0.0,0.0,156971.2974334743,156971.2974334743,156971.2974334743,28.273151092846437,20,11,1714,8
10_28,Cat_C,0.26477859421095806,Medium,690.9846743295019,146.21351535310538,1.0,0.0,0.0,0.0,646185.6203747453,646185.6203747453,646185.6203747453,27.65870797737297,41,10,1700,9
10_29,Cat_C,0.26526039266620205,Medium,547.3639846743295,114.37970539217073,1.0,0.0,0.0,0.0,497418.0147483376,497418.0147483376,497418.01474833756,28.306527495917628,48,10,1693,8
10_3,Cat_A,0.29721780636064343,Medium,287.6360153256705,63.93158667537156,1.0,0.0,0.0,0.0,280632.01385608525,280632.01385608525,280632.0138560853,26.751440287523444,48,9,1706,8
10_30,Cat_C,0.28764417468722087,Medium,318.5823754789272,68.71942617874073,1.0,0.0,0.0,0.0,297390.54715792695,297390.54715792695,297390.547157927,27.712217850895904,41,11,1693,9
10_31,Cat_D,0.2725702818839308,Medium,461.39080459770116,98.4672170734823,1.0,0.0,0.0,0.0,408569.5268461692,408569.5268461692,408569.52684616926,28.912227559448944,55,11,1685,7
10_32,Cat_D,0.28491876240170144,Medium,345.2145593869732,74.7146876888322,1.0,0.0,0.0,0.0,329740.60043038154,329740.60043038154,329740.60043038154,27.207040936551298,48,9,1700,8
10_33,Cat_D,0.2739784555262969,Medium,548.2528735632184,118.88160416573521,1.0,0.0,0.0,0.0,529937.3901747784,529937.3901747784,529937.3901747784,26.963838318549822,48,10,1699,6
10_34,Cat_D,0.31020883315709624,Medium,201.53256704980842,45.22375878213694,1.0,0.0,0.0,0.0,192930.1438093722,192930.1438093722,192930.14380937224,27.204316569277236,69,9,1685,7
10_35,Cat_D,0.27522991834324684,Medium,515.2222222222222,111.53638783807648,1.0,0.0,0.0,0.0,505079.3911719979,505079.3911719979,505079.3911719979,26.643125149065938,47,9,1707,7
10_36,Cat_D,0.2685609636449891,Medium,606.0536398467433,128.914540103753,1.0,0.0,0.0,0.0,553068.6335485185,553068.6335485185,553068.6335485185,28.208186455977685,48,9,1699,8
10_37,Cat_D,0.3009260616897749,Medium,229.3065134099617,50.465657741264735,1.0,0.0,0.0,0.0,226881.0478664769,226881.0478664769,226881.0478664769,26.43529004452586,34,11,1707,8
10_38,Cat_D,0.2655346703333062,Medium,630.3639846743295,133.3648324861592,1.0,0.0,0.0,0.0,587428.8999107805,587428.8999107805,587428.8999107805,27.72090879060081,34,10,1707,9
10_39,Cat_D,0.2839033961636422,Medium,345.6168582375479,74.0538184187626,1.0,0.0,0.0,0.0,322148.6083556391,322148.6083556391,322148.6083556391,27.716613106200796,41,8,1714,8
10_4,Cat_A,0.31424256587935395,Medium,172.95402298850576,38.33934754650606,1.0,0.0,0.0,0.0,154645.70854983453,154645.70854983453,154645.70854983453,28.678203019066732,55,7,1713,5
10_40,Cat_D,0.2986688311494936,Medium,230.72030651340995,50.62587444165889,1.0,0.0,0.0,0.0,207047.8407599848,207047.8407599848,207047.84075998477,28.562107838500385,27,13,1692,11
10_41,Cat_E,0.31787208922637655,Medium,172.4904214559387,38.338433520707305,1.0,0.0,0.0,0.0,157603.74665407106,157603.74665407106,157603.74665407106,28.16968929281183,40,10,1699,9
10_42,Cat_E,0.2968676445708341,Medium,288.4022988505747,63.31115950424451,1.0,0.0,0.0,0.0,268108.46953235904,268108.46953235904,268108.46953235904,27.811463786839266,48,11,1693,6
10_43,Cat_E,0.2766982230803075,Medium,405.37547892720306,87.25090264168608,1.0,0.0,0.0,0.0,396937.80349551473,396937.80349551473,396937.80349551473,26.657220742203123,41,9,1706,9
10_44,Cat_E,0.2969573332320528,Medium,230.2911877394636,50.45690734645224,1.0,0.0,0.0,0.0,217010.75211252776,217010.75211252776,217010.75211252776,27.502182313951835,48,7,1707,7
10_45,Cat_E,0.2682653223768421,Medium,634.4865900383141,135.5497808508448,1.0,0.0,0.0,0.0,610638.0522752276,610638.0522752276,610638.0522752276,27.03846328921448,41,10,1699,8
10_46,Cat_E,0.27427611413688335,Medium,462.0727969348659,98.83178437780491,1.0,0.0,0.0,0.0,415298.5629559688,415298.5629559688,415298.5629559688,28.550199981871057,34,12,1699,8
10_47,Cat_E,0.3201203804417888,Medium,173.19540229885058,39.11074190840666,1.0,0.0,0.0,0.0,173786.9792158731,173786.9792158731,173786.97921587314,26.163272722546814,48,9,1692,8
10_48,Cat_E,0.2749903502149684,Medium,404.48275862068965,85.70968826877142,1.0,0.0,0.0,0.0,374830.8502597994,374830.8502597994,374830.8502597994,27.862065586740353,48,8,1700,9
10_49,Cat_E,0.3055072447442485,Medium,231.09961685823754,52.788016194007454,0.999927077483413,0.000547645125958379,439.84674329767586,439.8467432973234,210190.34797669525,210630.19471999258,210190.34797669528,28.344609190554515,69,9,1685,5
10_5,Cat_A,0.32689895326152213,Medium,144.3831417624521,33.2305284700538,1.0,0.0,0.0,0.0,142541.82569674103,142541.82569674103,142541.82569674103,26.490311272846412,41,11,1699,8
10_50,Cat_E,0.26929105579525564,Medium,517.9770114942529,110.82130213978519,1.0,0.0,0.0,0.0,484022.3500236203,484022.3500236203,484022.35002362024,27.686711729546463,48,10,1693,8
10_6,Cat_A,0.2732346979683061,Medium,459.0344827586207,98.64896369012335,1.0,0.0,0.0,0.0,433744.28200283117,433744.28200283117,433744.28200283117,27.42553189475113,40,10,1700,8
10_7,Cat_A,0.27413279931374884,Medium,460.4022988505747,100.01205232410534,1.0,0.0,0.0,0.0,426073.5451110084,426073.5451110084,426073.5451110084,27.914935296197864,54,9,1693,7
10_8,Cat_A,0.27075583910132156,Medium,602.9080459770115,129.73938066967858,1.0,0.0,0.0,0.0,568823.0105495185,568823.0105495185,568823.0105495185,27.467349045791288,40,10,1707,8
10_9,Cat_A,0.2785255984151914,Medium,404.9846743295019,87.12797702004255,1.0,0.0,0.0,0.0,364511.77609825355,364511.77609825355,364511.77609825355,28.54338903085037,55,10,1692,7
1_1,Cat_A,0.33753171399557336,Medium,139.72413793103448,32.696632261950306,1.0,0.0,0.0,0.0,133389.74964572422,133389.74964572422,133389.74964572425,27.23297492798416,48,11,1692,7
1_10,Cat_A,0.2755360247261086,Medium,464.2260536398467,98.98340309278055,1.0,0.0,0.0,0.0,450945.7080249863,450945.7080249863,450945.7080249863,26.81733338741249,34,9,1713,8
1_11,Cat_B,0.27255571009749885,Medium,442.2835249042146,93.8751015395761,1.0,0.0,0.0,0.0,410864.81236550695,410864.81236550695,410864.81236550695,27.810814379381384,47,8,1706,7
1_12,Cat_B,0.27891506997455595,Medium,442.39463601532566,97.43167926790117,1.0,0.0,0.0,0.0,420344.59140293166,420344.59140293166,420344.59140293166,27.311931828468136,41,10,1700,9
1_13,Cat_B,0.26752917317154795,Medium,532.823754789272,113.31178723260584,1.0,0.0,0.0,0.0,508282.0820868127,508282.0820868127,508282.0820868127,27.230283677806852,47,9,1700,8
1_14,Cat_B,0.27789765253968535,Medium,371.8390804597701,79.67697383279061,1.0,0.0,0.0,0.0,351983.8718312093,351983.8718312093,351983.8718312093,27.38468321965143,34,11,1707,8
1_15,Cat_B,0.27266066429923763,Medium,557.4597701149426,120.0053657067402,1.0,0.0,0.0,0.0,538603.0530625083,538603.0530625083,538603.0530625083,26.945021462354642,41,9,1706,8
1_16,Cat_B,0.3263586685582915,Medium,163.2375478927203,36.92275054502572,1.0,0.0,0.0,0.0,148441.12790636646,148441.12790636646,148441.12790636646,28.285340786890135,41,12,1693,8
1_17,Cat_B,0.304177321273999,Medium,209.68965517241378,46.08085962026074,1.0,0.0,0.0,0.0,182332.14454416715,182332.14454416715,182332.14454416715,29.315331690063168,48,11,1692,7
1_18,Cat_B,0.2757607362274318,Medium,534.1264367816092,115.58797561208856,1.0,0.0,0.0,0.0,505753.1672177624,505753.1672177624,505753.16721776244,27.38423700690661,48,7,1707,8
1_19,Cat_B,0.3026597963701455,Medium,256.5977011494253,57.640489195486204,1.0,0.0,0.0,0.0,259343.85372382143,259343.85372382143,259343.8537238214,25.98301131122348,34,9,1713,8
1_2,Cat_A,0.28233439651290226,Medium,371.8390804597701,80.93419077296238,1.0,0.0,0.0,0.0,353341.06282475364,353341.06282475364,353341.06282475364,27.284046975148744,27,8,1713,8
1_20,Cat_B,0.2840153274264453,Medium,300.0689655172414,63.65474055162705,1.0,0.0,0.0,0.0,284554.9976381663,284554.9976381663,284554.9976381663,27.33686280255844,27,11,1700,10
1_21,Cat_C,0.29966534864472794,Medium,253.095785440613,56.18864535459593,1.0,0.0,0.0,0.0,242367.10308087835,242367.10308087835,242367.10308087835,27.1371055905872,41,8,1707,8
1_22,Cat_C,0.2721572139474499,Medium,509.191570881226,107.19289624597221,1.0,0.0,0.0,0.0,484796.0780454495,484796.0780454495,484796.0780454495,27.279037293151678,41,10,1706,7
1_23,Cat_C,0.3196362955679291,Medium,185.18773946360153,40.922055402091665,1.0,0.0,0.0,0.0,182192.54316905577,182192.54316905577,182192.54316905577,26.554907024131538,41,7,1720,6
1_24,Cat_C,0.27738065981859744,Medium,419.7701149425287,90.06750047553119,1.0,0.0,0.0,0.0,380416.1210832916,380416.1210832916,380416.12108329165,28.385037691017036,54,9,1693,7
1_25,Cat_C,0.27220878827531436,Medium,508.8735632183908,109.64244032985303,1.0,0.0,0.0,0.0,488734.08045976865,488734.08045976865,488734.0804597687,27.07559261157395,47,8,1706,8
1_26,Cat_C,0.29718049577864825,Medium,302.48659003831415,68.49354835044775,1.0,0.0,0.0,0.0,299403.32309872424,299403.32309872424,299403.32309872424,26.42469719895434,34,9,1714,7
1_27,Cat_C,0.33117056933447037,Medium,140.27969348659005,31.191380859232364,1.0,0.0,0.0,0.0,122347.57072377107,122347.57072377107,122347.57072377107,29.221948046870384,34,12,1699,10
1_28,Cat_C,0.26971046789045816,Medium,556.6628352490421,117.61888142349879,1.0,0.0,0.0,0.0,514243.3658741435,514243.3658741435,514243.3658741435,27.91553678662598,34,9,1707,9
1_29,Cat_C,0.2738633264779384,Medium,441.3639846743295,94.75442797560639,1.0,0.0,0.0,0.0,425381.95717210247,425381.95717210247,425381.95717210247,26.99170284945456,41,9,1707,8
1_3,Cat_A,0.3033153882196539,Medium,232.32950191570882,51.57994775981074,1.0,0.0,0.0,0.0,219963.72093633685,219963.72093633685,219963.72093633682,27.41561932275643,54,10,1693,8
1_30,Cat_C,0.30117244440231367,Medium,254.088122605364,56.305791927107734,1.0,0.0,0.0,0.0,262650.82506691734,262650.82506691734,262650.82506691734,25.529435627817033,47,8,1707,7
1_31,Cat_D,0.2821073965222086,Medium,370.8544061302682,80.14622375654659,1.0,0.0,0.0,0.0,354735.10785703064,354735.10785703064,354735.10785703064,27.167742480819868,47,7,1714,7
1_32,Cat_D,0.28776889468051453,Medium,278.71264367816093,59.64121730029504,1.0,0.0,0.0,0.0,263945.0677058732,263945.0677058732,263945.0677058733,27.382285534783602,41,9,1707,8
1_33,Cat_D,0.2737302782536607,Medium,439.0498084291188,93.18493507516735,1.0,0.0,0.0,0.0,404129.5869416869,404129.5869416869,404129.58694168687,28.003670394710607,34,10,1700,8
1_34,Cat_D,0.3222097751915214,Medium,162.8352490421456,36.47496062679438,1.0,0.0,0.0,0.0,151596.42366031584,151596.42366031584,151596.42366031584,27.742841638374,34,10,1714,7
1_35,Cat_D,0.27704410985343425,Medium,416.23754789272033,89.14101343961127,1.0,0.0,0.0,0.0,398287.6158610212,398287.6158610212,398287.6158610213,27.14820523730585,40,8,1707,9
1_36,Cat_D,0.2765929407489856,Medium,484.90421455938696,106.3910892264223,1.0,0.0,0.0,0.0,472729.4901065426,472729.4901065426,472729.49010654254,26.758171938475243,34,11,1700,9
1_37,Cat_D,0.3145849231991009,Medium,184.8697318007663,41.07608188945642,1.0,0.0,0.0,0.0,168090.59911824806,168090.59911824806,168090.59911824804,28.286758449744966,47,8,1714,7
1_38,Cat_D,0.27197901660085905,Medium,513.1302681992337,110.00771949978409,1.0,0.0,0.0,0.0,483515.61722563487,483515.61722563487,483515.6172256348,27.4911150817382,41,10,1700,9
1_39,Cat_D,0.29685025149136635,Medium,277.71264367816093,61.893439700699155,1.0,0.0,0.0,0.0,270971.7241379312,270971.7241379312,270971.7241379312,26.740121919205997,34,11,1706,7
1_4,Cat_A,0.33275983003014237,Medium,139.6168582375479,31.175414735613675,0.9998774030474697,0.000547645125958379,446.7432950201328,446.74329502036016,127220.86548050107,127667.60877552142,127220.86548050107,28.27608261181195,48,13,1679,9
1_40,Cat_D,0.31042701482223917,Medium,185.00383141762453,40.585379906893316,1.0,0.0,0.0,0.0,171691.0271348341,171691.0271348341,171691.02713483412,27.842737147100422,48,9,1693,8
1_41,Cat_E,0.3341984057142705,Medium,139.94252873563218,31.359585574861427,1.0,0.0,0.0,0.0,130734.88427019285,130734.88427019285,130734.88427019287,27.678756410000194,41,10,1693,10
1_42,Cat_E,0.2907023327694168,Medium,231.61302681992336,49.89719876940884,0.9999428941245031,0.000547645125958379,345.21072796633234,345.21072796667056,220004.88112108485,220350.09184905153,220004.88112108488,27.3589176333259,55,9,1699,6
1_43,Cat_E,0.28858891606456505,Medium,323.52107279693485,72.09435948542647,1.0,0.0,0.0,0.0,299705.76995748695,299705.76995748695,299705.76995748695,27.883655459252317,48,9,1700,7
1_44,Cat_E,0.3145117383543328,Medium,186.05747126436782,42.00348602433239,1.0,0.0,0.0,0.0,177763.5396000642,177763.5396000642,177763.5396000642,27.164538338182766,33,6,1727,7
1_45,Cat_E,0.27131669727055185,Medium,508.7662835249042,108.19552712379672,1.0,0.0,0.0,0.0,459428.9875610114,459428.9875610114,459428.9875610114,28.43451721765925,34,11,1700,8
1_46,Cat_E,0.2825700041127962,Medium,369.71264367816093,79.41767503996398,1.0,0.0,0.0,0.0,354416.11714690615,354416.11714690615,354416.11714690615,27.11106624882926,41,8,1707,9
1_47,Cat_E,0.33079011338533515,Medium,138.62452107279694,32.415167571864465,1.0,0.0,0.0,0.0,140820.37133259978,140820.37133259978,140820.37133259978,25.90088310533977,48,9,1700,8
1_48,Cat_E,0.2882400252952949,Medium,325.64367816091954,71.16032445954932,1.0,0.0,0.0,0.0,308064.0292867244,308064.0292867244,308064.0292867244,27.413637228375478,41,10,1700,7
1_49,Cat_E,0.3136308124480075,Medium,185.1302681992337,41.52883941779897,1.0,0.0,0.0,0.0,180597.16133942266,180597.16133942266,180597.16133942266,26.72871446359776,34,9,1707,9
1_5,Cat_A,0.34142933656438584,Medium,116.22605363984674,26.522244860555542,1.0,0.0,0.0,0.0,114735.69018002358,114735.69018002358,114735.6901800236,26.50464641938633,41,11,1692,9
1_50,Cat_E,0.2760243440573859,Medium,415.17241379310343,89.03994871316746,1.0,0.0,0.0,0.0,392630.81483230734,392630.81483230734,392630.8148323073,27.41696218527516,34,11,1700,8
1_6,Cat_A,0.2794232076453394,Medium,371.22222222222223,79.1743720946444,1.0,0.0,0.0,0.0,354765.9665144627,354765.9665144627,354765.9665144627,27.164596103430934,34,9,1707,9
1_7,Cat_A,0.2855776153243791,Medium,369.2835249042146,80.32542032634616,1.0,0.0,0.0,0.0,333753.7091271718,333753.7091271718,333753.7091271718,28.418168545693973,41,10,1700,8
1_8,Cat_A,0.269921134760705,Medium,486.0383141762452,102.20491514709065,1.0,0.0,0.0,0.0,461640.98383456335,461640.98383456335,461640.9838345634,27.31728273852283,41,10,1707,7
1_9,Cat_A,0.2848621846195034,Medium,325.35632183908046,70.79020635405624,1.0,0.0,0.0,0.0,298077.78932451777,298077.78932451777,298077.7893245177,28.150643987161097,55,10,1692,6
2_1,Cat_A,0.30812575127030195,Medium,197.1072796934866,44.05848369228992,1.0,0.0,0.0,0.0,188887.43898598835,188887.43898598835,188887.43898598832,27.15507213032869,55,9,1693,8
2_10,Cat_A,0.2649090757179921,Medium,658.3218390804598,139.46748953288287,1.0,0.0,0.0,0.0,622631.8516768981,622631.8516768981,622631.8516768981,27.41416298953214,47,9,1706,7
2_11,Cat_B,0.27055328630414766,Medium,624.8275862068965,135.90731062834013,1.0,0.0,0.0,0.0,611174.4685876266,611174.4685876266,611174.4685876266,26.678437169213435,41,8,1707,9
2_12,Cat_B,0.2694879932382932,Medium,625.1111111111111,135.35713129145785,1.0,0.0,0.0,0.0,582899.2009132449,582899.2009132449,582899.2009132449,27.724708239805018,40,10,1700,9
2_13,Cat_B,0.26393786678621095,Medium,754.9080459770115,160.36208780208642,1.0,0.0,0.0,0.0,699362.6310817224,699362.6310817224,699362.6310817226,27.87851153652103,48,10,1699,7
2_14,Cat_B,0.2664175563343917,Medium,527.2298850574713,110.54564332118397,1.0,0.0,0.0,0.0,506337.9908675832,506337.9908675832,506337.99086758314,27.079456828034676,41,9,1707,8
2_15,Cat_B,0.2636023416826555,Medium,787.6206896551724,166.39613817952923,1.0,0.0,0.0,0.0,721177.6476145448,721177.6476145448,721177.6476145448,28.13042680170187,47,9,1700,7
2_16,Cat_B,0.29874748722562944,Medium,230.5249042145594,50.139232609059825,0.9997411419441937,0.000547645125958379,1557.471264369815,1557.4712643699456,224660.97806119648,226218.44932556644,224660.97806119648,26.791056882021934,54,7,1713,6
2_17,Cat_B,0.2883857645341891,Medium,297.81609195402297,63.49558350522056,1.0,0.0,0.0,0.0,269727.1988663193,269727.1988663193,269727.1988663193,28.366633387184343,47,9,1700,9
2_18,Cat_B,0.26435456965649695,Medium,756.4061302681993,161.28792875561163,1.0,0.0,0.0,0.0,718248.984674324,718248.984674324,718248.984674324,27.32150264657144,41,9,1707,8
2_19,Cat_B,0.2785158814819056,Medium,362.5402298850575,76.6006333471057,1.0,0.0,0.0,0.0,329944.4339474125,329944.4339474125,329944.4339474125,28.28129217330126,48,10,1693,7
2_2,Cat_A,0.26995754458465343,Medium,526.9272030651341,110.91062959494494,1.0,0.0,0.0,0.0,487966.35123077297,487966.35123077297,487966.351230773,27.887094001812194,48,10,1700,7
2_20,Cat_B,0.27839724630747115,Medium,426.6130268199234,92.91339879588477,1.0,0.0,0.0,0.0,409279.4701621778,409279.4701621778,409279.47016217775,27.12516488179963,48,10,1699,6
2_21,Cat_C,0.2838909658927017,Medium,362.09578544061304,79.18864053550527,1.0,0.0,0.0,0.0,334606.8325198141,334606.8325198141,334606.8325198141,27.896414193657304,34,8,1713,8
2_22,Cat_C,0.2627132820771444,Medium,720.6743295019157,152.077451396012,1.0,0.0,0.0,0.0,676562.3851886806,676562.3851886806,676562.3851886806,27.570657624535304,41,9,1706,8
2_23,Cat_C,0.2951668278907999,Medium,262.8390804597701,56.60555970856949,1.0,0.0,0.0,0.0,247395.00157455678,247395.00157455678,247395.0015745568,27.502760712025818,34,9,1707,9
2_24,Cat_C,0.26604057730306446,Medium,593.1532567049809,125.29810407018876,1.0,0.0,0.0,0.0,550359.4919435267,550359.4919435267,550359.4919435267,27.821947501478963,41,8,1713,8
2_25,Cat_C,0.26774174171649917,Medium,723.5862068965517,155.19562481869366,1.0,0.0,0.0,0.0,684775.1724137991,684775.1724137991,684775.1724137991,27.395068875856804,34,11,1706,8
2_26,Cat_C,0.2787546182680192,Medium,427.4904214559387,92.01298457813184,1.0,0.0,0.0,0.0,419013.1695795906,419013.1695795906,419013.1695795906,26.6337430957327,27,12,1700,9
2_27,Cat_C,0.3118036368520001,Medium,198.26436781609195,44.1270350858087,1.0,0.0,0.0,0.0,189418.37112265851,189418.37112265851,189418.3711226585,27.203791195580653,41,10,1700,7
2_28,Cat_C,0.2621364396400685,Medium,788.0344827586207,167.5060583250553,1.0,0.0,0.0,0.0,723599.7520075622,723599.7520075622,723599.7520075622,28.066061839506812,40,10,1706,7
2_29,Cat_C,0.2635946935278712,Medium,622.4750957854407,131.76927808341904,1.0,0.0,0.0,0.0,580025.2188631708,580025.2188631708,580025.2188631708,27.74107610669992,41,10,1700,8
2_3,Cat_A,0.2882663015412707,Medium,328.7662835249042,71.32565465996898,1.0,0.0,0.0,0.0,327676.90048811096,327676.90048811096,327676.90048811096,26.254190357089193,20,8,1714,9
2_30,Cat_C,0.2863229511457078,Medium,362.5785440613027,79.4918873423993,1.0,0.0,0.0,0.0,340633.0766808371,340633.0766808371,340633.0766808371,27.58590052300849,48,10,1693,7
2_31,Cat_D,0.27074568452615994,Medium,526.647509578544,113.5883859664634,1.0,0.0,0.0,0.0,484972.98378208565,484972.98378208565,484972.98378208565,27.986728796931445,34,9,1707,9
2_32,Cat_D,0.27973103899929513,Medium,397.0689655172414,85.43384211956258,1.0,0.0,0.0,0.0,373994.99291449797,373994.99291449797,373994.992914498,27.482280114591063,27,9,1714,7
2_33,Cat_D,0.26935269769859604,Medium,624.8390804597701,134.6634443198089,1.0,0.0,0.0,0.0,566641.6320264509,566641.6320264509,566641.6320264509,28.36311136872261,54,9,1693,8
2_34,Cat_D,0.29558806604450505,Medium,231.51340996168582,48.86737164805345,1.0,0.0,0.0,0.0,218706.78528315632,218706.78528315632,218706.78528315632,27.4040263721628,34,7,1721,8
2_35,Cat_D,0.2706482882153982,Medium,592.3141762452108,128.17470405582986,1.0,0.0,0.0,0.0,575425.2115152444,575425.2115152444,575425.2115152444,26.845648569987713,47,10,1700,7
2_36,Cat_D,0.26318185734227906,Medium,691.0153256704981,145.91957662062876,1.0,0.0,0.0,0.0,647358.5918228088,647358.5918228088,647358.5918228088,27.611756017779445,34,10,1707,8
2_37,Cat_D,0.29421654964857036,Medium,261.37164750957857,58.249891059375585,1.0,0.0,0.0,0.0,252911.83619377398,252911.83619377398,252911.83619377398,26.912223248611205,41,9,1700,9
2_38,Cat_D,0.2623232787306397,Medium,722.3486590038315,152.09495101151393,1.0,0.0,0.0,0.0,674521.6816249479,674521.6816249479,674521.681624948,27.681623714430216,34,10,1714,7
2_39,Cat_D,0.280774768064034,Medium,392.93486590038316,84.10720934800335,1.0,0.0,0.0,0.0,356348.995696219,356348.995696219,356348.995696219,28.373637229071086,55,10,1692,7
2_4,Cat_A,0.3065454563217851,Medium,197.53639846743295,44.2322934680151,1.0,0.0,0.0,0.0,188980.4873248325,188980.4873248325,188980.48732483247,27.150864194391133,33,9,1700,9
2_40,Cat_D,0.29472721226877363,Medium,262.85057471264366,57.74863209881098,1.0,0.0,0.0,0.0,248429.6724925214,248429.6724925214,248429.67249252144,27.426206782049356,34,11,1707,8
2_41,Cat_E,0.3033102132889831,Medium,196.3793103448276,42.561875694093516,1.0,0.0,0.0,0.0,190987.86490316407,190987.86490316407,190987.86490316407,26.810267235560712,41,9,1707,8
2_42,Cat_E,0.286372895135673,Medium,331.39463601532566,71.54918567752546,1.0,0.0,0.0,0.0,316240.65265312826,316240.65265312826,316240.65265312826,27.212485494885257,34,11,1693,9
2_43,Cat_E,0.27067224308531473,Medium,460.2452107279693,95.68048403437136,1.0,0.0,0.0,0.0,419161.2522962277,419161.2522962277,419161.2522962277,28.22544940075532,34,8,1714,8
2_44,Cat_E,0.29431727802813096,Medium,264.35632183908046,57.99243525166971,1.0,0.0,0.0,0.0,242082.67595654234,242082.67595654234,242082.67595654237,28.125026681373644,48,8,1707,6
2_45,Cat_E,0.2647168980331889,Medium,723.272030651341,153.55775267636102,1.0,0.0,0.0,0.0,690230.065868886,690230.065868886,690230.0658688858,27.193519794074263,33,8,1707,9
2_46,Cat_E,0.27344716693189713,Medium,526.2490421455939,114.1480282565065,1.0,0.0,0.0,0.0,488558.67317483114,488558.67317483114,488558.67317483114,27.813399217497494,40,9,1700,9
2_47,Cat_E,0.30593303173517983,Medium,197.20689655172413,43.066622252675494,1.0,0.0,0.0,0.0,179983.6088804919,179983.6088804919,179983.60888049193,28.19957455360633,27,12,1699,7
2_48,Cat_E,0.2735831170312216,Medium,461.9463601532567,100.00548540805431,1.0,0.0,0.0,0.0,437598.63092426636,437598.63092426636,437598.6309242664,27.371746008384775,41,9,1707,8
2_49,Cat_E,0.29658995250486697,Medium,263.8390804597701,58.13615455844584,1.0,0.0,0.0,0.0,242601.8225476319,242601.8225476319,242601.8225476319,28.033509360523333,41,9,1700,9
2_5,Cat_A,0.32953686399462667,Medium,164.6934865900383,37.332676907832706,1.0,0.0,0.0,0.0,159036.2168687346,159036.2168687346,159036.2168687346,26.95014578492819,34,9,1707,9
2_50,Cat_E,0.2703521394431561,Medium,592.0306513409962,128.43375656778318,1.0,0.0,0.0,0.0,566166.1145226447,566166.1145226447,566166.1145226447,27.178461175314105,48,9,1706,7
2_6,Cat_A,0.2711208129270596,Medium,524.3295019157088,111.56229137597813,1.0,0.0,0.0,0.0,485845.0503857622,485845.0503857622,485845.0503857622,27.879624044111402,48,10,1693,7
2_7,Cat_A,0.27253859594750884,Medium,525.1226053639847,112.46137929612097,1.0,0.0,0.0,0.0,485213.06093528756,485213.06093528756,485213.0609352876,27.929378693490257,41,10,1699,8
2_8,Cat_A,0.2652010080505266,Medium,693.2528735632184,147.28138049253815,1.0,0.0,0.0,0.0,641857.2445284236,641857.2445284236,641857.2445284236,27.86589883337885,34,10,1707,8
2_9,Cat_A,0.27782554418755917,Medium,458.09578544061304,99.39022946416003,1.0,0.0,0.0,0.0,436780.59308245627,436780.59308245627,436780.5930824563,27.246221776055975,48,9,1699,7
3_1,Cat_A,0.31501235701290825,Medium,175.39463601532566,39.519145919337966,1.0,0.0,0.0,0.0,175071.0685981227,175071.0685981227,175071.0685981227,26.238285492141205,40,7,1707,9
3_10,Cat_A,0.26902264345069415,Medium,583.3946360153257,125.50654828902226,1.0,0.0,0.0,0.0,568151.9204324808,568151.9204324808,568151.9204324808,26.7866384575775,41,9,1707,7
3_11,Cat_B,0.2696047984318877,Medium,554.735632183908,117.63582589142013,1.0,0.0,0.0,0.0,523405.6148638001,523405.6148638001,523405.6148638002,27.45808690595707,34,10,1707,8
3_12,Cat_B,0.2694038554451425,Medium,553.2835249042146,117.2478147927759,1.0,0.0,0.0,0.0,512541.88133102417,512541.88133102417,512541.88133102417,27.861790553000613,34,11,1700,9
3_13,Cat_B,0.2671944990846708,Medium,673.1340996168583,144.86158256064525,1.0,0.0,0.0,0.0,646623.2553928524,646623.2553928524,646623.2553928524,27.066246936826015,34,11,1700,9
3_14,Cat_B,0.27486115327441196,Medium,467.632183908046,101.20718828330425,1.0,0.0,0.0,0.0,451486.2801133646,451486.2801133646,451486.28011336457,26.95874761298531,34,10,1707,9
3_15,Cat_B,0.26729459758304747,Medium,702.5785440613026,153.26319293001467,1.0,0.0,0.0,0.0,685861.8472156682,685861.8472156682,685861.8472156682,26.7222410621625,41,9,1707,9
3_16,Cat_B,0.3047563143913205,Medium,203.88888888888889,44.81628214498775,1.0,0.0,0.0,0.0,188699.4292237427,188699.4292237427,188699.4292237427,27.901399828017112,41,10,1707,6
3_17,Cat_B,0.2917410466405693,Medium,264.1264367816092,57.44806442431974,1.0,0.0,0.0,0.0,250436.08801763647,250436.08801763647,250436.08801763644,27.35564399704252,47,8,1707,8
3_18,Cat_B,0.26586528606372417,Medium,672.2681992337165,144.845663566613,1.0,0.0,0.0,0.0,617661.3669763306,617661.3669763306,617661.3669763306,28.048908283294278,41,9,1700,8
3_19,Cat_B,0.287450171026053,Medium,320.8045977011494,70.2135488372316,1.0,0.0,0.0,0.0,293238.1719414267,293238.1719414267,293238.17194142664,28.20968180363745,55,11,1679,7
3_2,Cat_A,0.2765900973806031,Medium,467.37547892720306,101.05975389809154,1.0,0.0,0.0,0.0,436056.77452369966,436056.77452369966,436056.7745236996,27.72249854373563,40,11,1693,7
3_20,Cat_B,0.2770517417505718,Medium,379.49808429118775,79.7699878265905,1.0,0.0,0.0,0.0,363996.196399521,363996.196399521,363996.196399521,27.089699910589285,33,9,1714,8
3_21,Cat_C,0.2853836827618013,Medium,321.51340996168585,68.64051290447195,1.0,0.0,0.0,0.0,307521.69290925394,307521.69290925394,307521.6929092539,27.17195174983209,48,9,1707,7
3_22,Cat_C,0.26666252997760514,Medium,642.5670498084291,136.46261923534436,1.0,0.0,0.0,0.0,584922.706397943,584922.706397943,584922.7063979431,28.26438741705327,48,9,1699,9
3_23,Cat_C,0.2976019746863625,Medium,233.60153256704982,50.637951691279554,1.0,0.0,0.0,0.0,223464.63522804645,223464.63522804645,223464.63522804645,27.163626358698526,47,9,1700,8
3_24,Cat_C,0.2708608825826678,Medium,525.7892720306513,111.35068322061964,1.0,0.0,0.0,0.0,523771.0407809838,523771.0407809838,523771.04078098387,26.281817026000667,33,10,1707,9
3_25,Cat_C,0.26334707581314376,Medium,642.5249042145593,134.34271741910118,1.0,0.0,0.0,0.0,608185.7754684297,608185.7754684297,608185.7754684297,27.392832058979366,33,12,1693,9
3_26,Cat_C,0.28338071961110767,Medium,379.1570881226054,82.67732828911936,1.0,0.0,0.0,0.0,356068.8075368696,356068.8075368696,356068.80753686966,27.602645064117112,55,10,1686,7
3_27,Cat_C,0.31991010809672926,Medium,175.54022988505747,39.743254269711635,1.0,0.0,0.0,0.0,162890.54558337363,162890.54558337363,162890.54558337363,27.84357515962989,41,12,1693,6
3_28,Cat_C,0.2618222478095749,Medium,700.6206896551724,147.48133452010202,1.0,0.0,0.0,0.0,662245.1936702841,662245.1936702841,662245.1936702841,27.431729091681298,47,8,1707,7
3_29,Cat_C,0.26992675198693267,Medium,557.4674329501916,119.82074709877236,1.0,0.0,0.0,0.0,527079.2715057973,527079.2715057973,527079.2715057973,27.41634474674656,34,10,1707,7
3_3,Cat_A,0.28511970317194274,Medium,292.23754789272033,62.74304350133321,1.0,0.0,0.0,0.0,270080.814832309,270080.814832309,270080.814832309,27.916979400987824,41,10,1700,8
3_30,Cat_C,0.28621504942561704,Medium,321.46360153256705,70.14295579015099,1.0,0.0,0.0,0.0,311801.95507268904,311801.95507268904,311801.95507268904,26.852651550151567,40,8,1714,8
3_31,Cat_D,0.27514867776089064,Medium,468.5632183908046,99.75115590031169,1.0,0.0,0.0,0.0,432716.9154463871,432716.9154463871,432716.915446387,27.95401962123272,48,10,1699,7
3_32,Cat_D,0.28895582861204,Medium,350.08429118773944,77.30713335565302,1.0,0.0,0.0,0.0,338330.1096940133,338330.1096940133,338330.1096940133,26.92547174481502,27,10,1714,8
3_33,Cat_D,0.26749957856978734,Medium,553.6015325670498,118.00176920751544,1.0,0.0,0.0,0.0,521829.83965779503,521829.83965779503,521829.83965779503,27.47772543356954,34,10,1700,9
3_34,Cat_D,0.3037941171554736,Medium,203.53256704980842,44.44395663599086,1.0,0.0,0.0,0.0,195782.83629874393,195782.83629874393,195782.8362987439,27.04825017504747,41,8,1713,6
3_35,Cat_D,0.26638589810336427,Medium,522.0766283524904,108.48464030651729,1.0,0.0,0.0,0.0,465164.6144963999,465164.6144963999,465164.61449639994,28.73839563365452,34,12,1693,8
3_36,Cat_D,0.2704408488054039,Medium,613.9731800766283,133.397336097559,1.0,0.0,0.0,0.0,589068.1703668704,589068.1703668704,589068.1703668704,27.11192115869177,41,10,1700,7
3_37,Cat_D,0.30035165062801517,Medium,233.95785440613028,51.58102425379925,1.0,0.0,0.0,0.0,229594.9422663081,229594.9422663081,229594.9422663081,26.62263750236948,41,10,1693,9
3_38,Cat_D,0.2695128083999578,Medium,642.7509578544061,137.97598470331087,1.0,0.0,0.0,0.0,605074.0282370235,605074.0282370235,605074.0282370236,27.505805192335224,41,9,1713,7
3_39,Cat_D,0.28407915149588786,Medium,351.0191570881226,75.41956755415666,1.0,0.0,0.0,0.0,335142.2476775294,335142.2476775294,335142.2476775294,27.19981278104818,41,10,1707,8
3_4,Cat_A,0.3177855152242443,Medium,175.71647509578543,39.7960676041997,1.0,0.0,0.0,0.0,161441.81415000244,161441.81415000244,161441.8141500024,28.078807361217535,55,10,1686,9
3_40,Cat_D,0.30579849944538934,Medium,234.8544061302682,52.70573123969863,1.0,0.0,0.0,0.0,238213.00923739065,238213.00923739065,238213.00923739068,25.938760205380095,48,11,1693,9
3_41,Cat_E,0.3183974670169603,Medium,174.82758620689654,39.880843742487855,1.0,0.0,0.0,0.0,177870.28341993515,177870.28341993515,177870.28341993515,25.874253786071076,48,10,1700,6
3_42,Cat_E,0.294894819457405,Medium,292.4214559386973,64.89866775468991,1.0,0.0,0.0,0.0,284545.6072534515,284545.6072534515,284545.6072534515,26.787640073635018,34,9,1713,8
3_43,Cat_E,0.2741458077139964,Medium,407.1609195402299,86.08366327142524,1.0,0.0,0.0,0.0,377670.25114155095,377670.25114155095,377670.25114155095,27.83635836352481,41,10,1700,9
3_44,Cat_E,0.30473007344131564,Medium,233.57471264367817,51.466859878785044,1.0,0.0,0.0,0.0,212608.0514879544,212608.0514879544,212608.0514879544,28.266794877596762,48,9,1707,7
3_45,Cat_E,0.2663940496359699,Medium,642.6053639846743,138.7667710237135,1.0,0.0,0.0,0.0,607041.3840340074,607041.3840340074,607041.3840340074,27.444450214746023,34,12,1700,7
3_46,Cat_E,0.27336909364893003,Medium,466.9808429118774,100.04839029602246,1.0,0.0,0.0,0.0,433723.24699522555,433723.24699522555,433723.2469952256,27.786864766987826,27,10,1713,8
3_47,Cat_E,0.3167147119593695,Medium,175.7471264367816,40.06520216351321,1.0,0.0,0.0,0.0,171131.45646354745,171131.45646354745,171131.45646354745,26.772924769851898,34,9,1693,10
3_48,Cat_E,0.28060952689465296,Medium,410.68199233716473,88.60245276523294,1.0,0.0,0.0,0.0,381048.5445861572,381048.5445861572,381048.54458615714,27.82384494805885,34,11,1700,10
3_49,Cat_E,0.30539010009241147,Medium,232.68965517241378,51.48412234962743,1.0,0.0,0.0,0.0,216983.18611242427,216983.18611242427,216983.18611242427,27.74268796310931,41,12,1686,8
3_5,Cat_A,0.32800168887887,Medium,145.92337164750958,33.11184237567199,1.0,0.0,0.0,0.0,145157.86490316532,145157.86490316532,145157.86490316532,26.29540449228901,13,11,1720,8
3_50,Cat_E,0.2656126097704944,Medium,524.4214559386974,110.79023214106962,1.0,0.0,0.0,0.0,481808.5073216823,481808.5073216823,481808.5073216823,28.05417949637343,48,9,1693,9
3_6,Cat_A,0.27625901202979347,Medium,468.7931034482759,101.35616613602305,1.0,0.0,0.0,0.0,444542.3169579631,444542.3169579631,444542.3169579631,27.368147063356556,41,10,1693,7
3_7,Cat_A,0.2749510463561851,Medium,466.27969348659,99.99943427485128,1.0,0.0,0.0,0.0,450099.6480869159,450099.6480869159,450099.64808691596,26.96676220689524,34,11,1700,8
3_8,Cat_A,0.26956660401770255,Medium,612.2873563218391,132.25205317987232,1.0,0.0,0.0,0.0,591039.7866477682,591039.7866477682,591039.7866477682,26.973481242178956,41,10,1700,9
3_9,Cat_A,0.27048073581132653,Medium,409.18390804597703,85.5904643415778,1.0,0.0,0.0,0.0,371477.25791213865,371477.25791213865,371477.2579121387,28.327541371737922,41,12,1693,7
4_1,Cat_A,0.32036781688139504,Medium,160.48275862068965,36.44432911535669,1.0,0.0,0.0,0.0,147092.68068020928,147092.68068020928,147092.68068020928,28.09499567029005,33,11,1707,7
4_10,Cat_A,0.2699660491424991,Medium,539.0383141762452,114.98306926972133,1.0,0.0,0.0,0.0,504656.6154936197,504656.6154936197,504656.6154936197,27.62769244899554,41,10,1699,9
4_11,Cat_B,0.27689464733930674,Medium,513.5249042145593,111.44911029293567,1.0,0.0,0.0,0.0,482183.3233611528,482183.3233611528,482183.3233611527,27.540915684967658,19,11,1707,9
4_12,Cat_B,0.2719822386096011,Medium,511.4406130268199,108.417397296494,1.0,0.0,0.0,0.0,472546.18721461087,472546.18721461087,472546.18721461087,27.902727534743203,27,11,1707,9
4_13,Cat_B,0.2671217387616304,Medium,619.8927203065134,132.8612201939212,1.0,0.0,0.0,0.0,573836.2202802707,573836.2202802707,573836.2202802707,27.888149272392877,40,11,1699,7
4_14,Cat_B,0.27555665437858523,Medium,432.06130268199234,93.44329870933012,1.0,0.0,0.0,0.0,408894.9800556312,408894.9800556312,408894.9800556312,27.398246325855826,41,10,1700,9
4_15,Cat_B,0.26334921247160653,Medium,648.2222222222222,138.2431123769214,1.0,0.0,0.0,0.0,614463.0898021362,614463.0898021362,614463.0898021362,27.349171410134144,41,7,1714,8
4_16,Cat_B,0.3096279673794612,Medium,190.13409961685824,42.356922352850695,1.0,0.0,0.0,0.0,178442.45971763053,178442.45971763053,178442.45971763055,27.600902605095776,48,10,1700,7
4_17,Cat_B,0.3025039163219851,Medium,241.73180076628353,54.54466151885357,1.0,0.0,0.0,0.0,222656.64121135627,222656.64121135627,222656.6412113563,28.03437061148108,55,9,1693,6
4_18,Cat_B,0.2670835616456821,Medium,619.1724137931035,131.95895692599785,1.0,0.0,0.0,0.0,588643.8970240882,588643.8970240882,588643.8970240882,27.309205381317362,48,9,1700,8
4_19,Cat_B,0.2916178755307069,Medium,296.8888888888889,64.83469446860694,1.0,0.0,0.0,0.0,278878.93455098674,278878.93455098674,278878.93455098674,27.54407997002665,27,9,1707,8
4_2,Cat_A,0.2781036292530311,Medium,431.7701149425287,93.03734169462348,1.0,0.0,0.0,0.0,395970.99984254193,395970.99984254193,395970.999842542,28.09545964754922,48,9,1700,8
4_20,Cat_B,0.2801465006034428,Medium,349.9655172413793,74.30914349100014,1.0,0.0,0.0,0.0,321704.6528105838,321704.6528105838,321704.6528105838,28.054326325376636,48,9,1699,8
4_21,Cat_C,0.28693250432088035,Medium,295.90038314176246,63.00468266973633,1.0,0.0,0.0,0.0,270527.77856505616,270527.77856505616,270527.77856505616,28.19686123690088,48,11,1692,5
4_22,Cat_C,0.26399415086478367,Medium,592.1149425287356,123.80186639148835,1.0,0.0,0.0,0.0,532785.2952290989,532785.2952290989,532785.2952290989,28.520497496539473,48,9,1707,7
4_23,Cat_C,0.3040624468685064,Medium,215.04214559386972,47.90858829376837,1.0,0.0,0.0,0.0,223350.456883432,223350.456883432,223350.456883432,25.438022095638093,48,9,1706,7
4_24,Cat_C,0.2724915355420912,Medium,483.57088122605364,104.89544132313041,1.0,0.0,0.0,0.0,464592.2820553194,464592.2820553194,464592.2820553194,27.073444262039686,41,10,1700,8
4_25,Cat_C,0.2663239526039279,Medium,594.8314176245211,126.15760263037707,1.0,0.0,0.0,0.0,537383.7253975761,537383.7253975761,537383.725397576,28.441959628931656,41,11,1693,8
4_26,Cat_C,0.28708855571638553,Medium,349.1226053639847,76.62360744445125,1.0,0.0,0.0,0.0,344098.88705190964,344098.88705190964,344098.8870519097,26.524928254659553,47,8,1707,8
4_27,Cat_C,0.3173329023822386,Medium,161.6934865900383,35.90465359420716,1.0,0.0,0.0,0.0,152342.92526111353,152342.92526111353,152342.92526111353,27.51772011987177,55,9,1699,7
4_28,Cat_C,0.26765908551814566,Medium,647.5134099616859,137.73418104150326,1.0,0.0,0.0,0.0,601806.7477562637,601806.7477562637,601806.7477562637,27.810609564170676,41,10,1700,7
4_29,Cat_C,0.27670665227861063,Medium,512.4252873563219,110.78311786659569,1.0,0.0,0.0,0.0,487212.6098252247,487212.6098252247,487212.6098252247,27.299922152999077,40,10,1700,8
4_3,Cat_A,0.29510789222534034,Medium,269.6896551724138,58.63255403419625,1.0,0.0,0.0,0.0,250073.62305148924,250073.62305148924,250073.62305148927,27.86764263923937,41,12,1693,6
4_30,Cat_C,0.28645032637820694,Medium,297.2567049808429,63.34514129768879,1.0,0.0,0.0,0.0,272078.02708235127,272078.02708235127,272078.02708235127,28.155694836203654,48,11,1686,9
4_31,Cat_D,0.27118215254593736,Medium,428.9272030651341,89.75191484690194,1.0,0.0,0.0,0.0,403892.38177714415,403892.38177714415,403892.38177714415,27.49356414451146,33,10,1706,9
4_32,Cat_D,0.2909401324845544,Medium,322.264367816092,70.76822294865359,1.0,0.0,0.0,0.0,307445.8982837368,307445.8982837368,307445.8982837368,27.217558050183097,40,8,1707,8
4_33,Cat_D,0.2662574388450913,Medium,513.3678160919541,107.64369090188902,1.0,0.0,0.0,0.0,466087.8184537904,466087.8184537904,466087.8184537904,28.318163973483575,41,10,1700,8
4_34,Cat_D,0.318612943724246,Medium,188.904214559387,41.585805888547355,1.0,0.0,0.0,0.0,181509.4586154421,181509.4586154421,181509.4586154421,27.0452685806895,27,8,1714,8
4_35,Cat_D,0.27767718648715783,Medium,482.5287356321839,105.07047148832945,1.0,0.0,0.0,0.0,470847.6688710458,470847.6688710458,470847.66887104575,26.749299257273773,47,9,1700,7
4_36,Cat_D,0.26964821540070316,Medium,566.8773946360153,119.37478274854742,1.0,0.0,0.0,0.0,554914.77090222,554914.77090222,554914.77090222,26.664201912705234,34,10,1707,8
4_37,Cat_D,0.3049749143415173,Medium,215.03831417624522,47.32496563687802,1.0,0.0,0.0,0.0,202723.14150002802,202723.14150002802,202723.14150002802,27.49190032650072,48,9,1707,7
4_38,Cat_D,0.269008312334053,Medium,591.6973180076628,127.64019574453147,1.0,0.0,0.0,0.0,563773.5771269613,563773.5771269613,563773.5771269613,27.260981163425246,41,10,1700,8
4_39,Cat_D,0.2869523495392807,Medium,323.0,70.36006297281476,1.0,0.0,0.0,0.0,318123.83561643836,318123.83561643836,318123.83561643836,26.530179000011376,34,10,1707,9
4_4,Cat_A,0.321921167161179,Medium,161.51724137931035,35.58084901988887,1.0,0.0,0.0,0.0,148822.86017949783,148822.86017949783,148822.8601794978,27.936082797561003,13,10,1721,8
4_40,Cat_D,0.3092883328252344,Medium,213.77011494252875,47.662120377013146,1.0,0.0,0.0,0.0,204741.33286096816,204741.33286096816,204741.33286096816,27.1274536402324,41,8,1707,9
4_41,Cat_E,0.3197148075646876,Medium,162.088122605364,35.74541246413397,1.0,0.0,0.0,0.0,155610.6954285401,155610.6954285401,155610.6954285401,27.0738154159965,27,12,1705,8
4_42,Cat_E,0.28870047314393626,Medium,269.632183908046,57.634748121089466,1.0,0.0,0.0,0.0,247691.2265784924,247691.2265784924,247691.2265784924,28.063286994188974,47,9,1706,7
4_43,Cat_E,0.2811846381131744,Medium,377.92337164750955,81.13574730121569,1.0,0.0,0.0,0.0,363483.8726184819,363483.8726184819,363483.87261848187,27.030776834730283,33,8,1714,8
4_44,Cat_E,0.29984117448558356,Medium,216.54789272030652,46.52553688116618,1.0,0.0,0.0,0.0,197986.89287776296,197986.89287776296,197986.89287776293,28.146148921885704,34,10,1700,9
4_45,Cat_E,0.2695757670910361,Medium,592.4865900383141,127.86566272497352,1.0,0.0,0.0,0.0,571892.314858548,571892.314858548,571892.314858548,26.978464501878605,48,9,1707,7
4_46,Cat_E,0.2779649938695521,Medium,429.7049808429119,92.13681890630203,1.0,0.0,0.0,0.0,403175.76077258255,403175.76077258255,403175.76077258255,27.580166635847153,34,10,1706,7
4_47,Cat_E,0.3236221938293442,Medium,161.71264367816093,36.6172221080076,1.0,0.0,0.0,0.0,161229.30483388458,161229.30483388458,161229.3048338846,26.25789728740777,20,11,1706,10
4_48,Cat_E,0.28422042172223894,Medium,376.15325670498083,81.49714175572717,1.0,0.0,0.0,0.0,363974.7121188256,363974.7121188256,363974.7121188256,26.91694847582507,34,11,1699,9
4_49,Cat_E,0.3045011138338112,Medium,215.76628352490422,48.07041082920482,1.0,0.0,0.0,0.0,203431.7928935093,203431.7928935093,203431.79289350926,27.509606333463797,55,9,1686,7
4_5,Cat_A,0.33910387333405084,Medium,136.60153256704982,31.704923142760627,1.0,0.0,0.0,0.0,127448.2191780825,127448.2191780825,127448.2191780825,27.752463396235356,55,10,1686,6
4_50,Cat_E,0.2733554329023251,Medium,482.18773946360153,103.39248969835367,1.0,0.0,0.0,0.0,449096.63622526446,449096.63622526446,449096.63622526446,27.761038232002843,41,11,1693,8
4_6,Cat_A,0.2756882929896808,Medium,428.65900383141764,91.72963306413452,1.0,0.0,0.0,0.0,389868.47215661814,389868.47215661814,389868.47215661814,28.30142447845866,55,10,1693,6
4_7,Cat_A,0.2778283829684571,Medium,431.1417624521073,92.28133728294131,1.0,0.0,0.0,0.0,380640.04356269364,380640.04356269364,380640.04356269364,28.949800723898786,48,10,1700,8
4_8,Cat_A,0.2720840156549807,Medium,565.4291187739464,122.3695528165734,1.0,0.0,0.0,0.0,550057.4573557983,550057.4573557983,550057.4573557983,26.788366126161087,41,8,1713,8
4_9,Cat_A,0.2808295730779957,Medium,378.09961685823754,82.10297029110377,1.0,0.0,0.0,0.0,340163.0024143192,340163.0024143192,340163.00241431926,28.508004498055705,34,11,1700,10
5_1,Cat_A,0.34487425972642954,Medium,117.11111111111111,26.191732237613394,1.0,0.0,0.0,0.0,113196.7047184167,113196.7047184167,113196.70471841669,26.920798703484248,27,10,1714,7
5_10,Cat_A,0.28034134021726015,Medium,388.35632183908046,84.50880386702026,1.0,0.0,0.0,0.0,379159.00645568,379159.00645568,379159.00645568006,26.72130446220593,40,9,1707,8
5_11,Cat_B,0.28577266253581074,Medium,370.65900383141764,80.96068968572615,1.0,0.0,0.0,0.0,354401.26121870783,354401.26121870783,354401.26121870783,27.176498628015537,41,9,1693,9
5_12,Cat_B,0.2798427903893687,Medium,371.1417624521073,80.07851327073362,1.0,0.0,0.0,0.0,345151.908623314,345151.908623314,345151.908623314,27.79337292286323,48,9,1693,9
5_13,Cat_B,0.27353546913249066,Medium,450.5249042145594,95.58353350548745,1.0,0.0,0.0,0.0,420577.753897026,420577.753897026,420577.753897026,27.706861068872104,48,9,1700,8
5_14,Cat_B,0.28940697639507124,Medium,314.2145593869732,67.42203430842085,1.0,0.0,0.0,0.0,285879.9690337494,285879.9690337494,285879.9690337494,28.26048859770147,34,11,1706,8
5_15,Cat_B,0.2738585671042773,Medium,468.6551724137931,100.48055620400541,1.0,0.0,0.0,0.0,422631.59423713107,422631.59423713107,422631.59423713107,28.45074918030056,34,10,1707,8
5_16,Cat_B,0.32246148418127696,Medium,135.65134099616859,29.85601807847968,1.0,0.0,0.0,0.0,124100.97097569863,124100.97097569863,124100.97097569863,28.15564161512341,47,9,1706,6
5_17,Cat_B,0.32068114577874995,Medium,175.37547892720306,40.08084153236834,1.0,0.0,0.0,0.0,172171.1588726169,172171.1588726169,172171.1588726169,26.60960296799196,47,7,1707,8
5_18,Cat_B,0.2717142725009995,Medium,448.31800766283527,95.13796874830669,1.0,0.0,0.0,0.0,414484.5341940873,414484.5341940873,414484.5341940873,27.900501315170004,27,12,1706,8
5_19,Cat_B,0.30561349151868283,Medium,214.816091954023,48.41015359221943,1.0,0.0,0.0,0.0,205955.25665249414,205955.25665249414,205955.25665249414,27.1445733192178,55,9,1699,6
5_2,Cat_A,0.2842229737119094,Medium,311.2490421455939,65.95974332472503,1.0,0.0,0.0,0.0,301051.0069280458,301051.0069280458,301051.0069280458,26.935664980555853,47,10,1699,6
5_20,Cat_B,0.29574618565968785,Medium,254.29501915708812,55.57276185066896,1.0,0.0,0.0,0.0,228977.26814674772,228977.26814674772,228977.26814674772,28.509479304774075,41,10,1699,7
5_21,Cat_C,0.30975910821520636,Medium,213.3256704980843,48.03153283191492,1.0,0.0,0.0,0.0,205167.19807904426,205167.19807904426,205167.19807904423,27.06148850193995,48,10,1699,9
5_22,Cat_C,0.27528191474448116,Medium,429.48275862068965,91.55311977236519,1.0,0.0,0.0,0.0,380950.08502597787,380950.08502597787,380950.08502597787,28.83329888017226,41,9,1707,8
5_23,Cat_C,0.32269974066421614,Medium,156.35632183908046,35.45277802226536,1.0,0.0,0.0,0.0,151093.98126279333,151093.98126279333,151093.98126279333,26.95322964372615,54,6,1707,8
5_24,Cat_C,0.28489094363908035,Medium,350.8352490421456,77.08815921519817,1.0,0.0,0.0,0.0,326937.99795308016,326937.99795308016,326937.99795308016,27.759620747429423,54,10,1699,7
5_25,Cat_C,0.28171823725341655,Medium,428.16858237547893,95.21103245656016,1.0,0.0,0.0,0.0,419990.40780979156,419990.40780979156,419990.4078097915,26.64291910401913,48,9,1700,6
5_26,Cat_C,0.29601877499097473,Medium,254.35249042145594,55.097241690041685,1.0,0.0,0.0,0.0,231121.42654700085,231121.42654700085,231121.42654700088,28.31390846939689,48,10,1700,7
5_27,Cat_C,0.3488840357884355,Medium,117.27969348659003,27.640868736728823,1.0,0.0,0.0,0.0,110793.7149005411,110793.7149005411,110793.71490054112,27.437542148296597,34,12,1699,9
5_28,Cat_C,0.2706858404202159,Medium,468.60919540229884,99.7200723936575,1.0,0.0,0.0,0.0,441778.2506691826,441778.2506691826,441778.25066918257,27.489010769759716,41,10,1700,7
5_29,Cat_C,0.28201291369381487,Medium,369.2260536398467,80.28209070414077,1.0,0.0,0.0,0.0,355012.38938750065,355012.38938750065,355012.3893875006,27.080070045737834,48,10,1693,8
5_3,Cat_A,0.311192725879,Medium,194.74329501915707,43.705210073429754,1.0,0.0,0.0,0.0,182500.62929722227,182500.62929722227,182500.62929722227,27.586601564620008,33,6,1707,10
5_30,Cat_C,0.3000610190669634,Medium,215.0536398467433,46.465588964893236,1.0,0.0,0.0,0.0,198157.60300215345,198157.60300215345,198157.60300215348,28.009179980068776,54,9,1693,7
5_31,Cat_D,0.28566505894796546,Medium,312.7164750957854,66.54781448058714,1.0,0.0,0.0,0.0,305601.26410539,305601.26410539,305601.26410539,26.712166620831315,48,8,1707,7
5_32,Cat_D,0.3026123117277842,Medium,232.6743295019157,52.9764576888663,1.0,0.0,0.0,0.0,239240.49834671515,239240.49834671515,239240.49834671515,25.628068246491118,34,9,1714,7
5_33,Cat_D,0.28579587777391574,Medium,371.8965517241379,82.28707270414654,1.0,0.0,0.0,0.0,349954.2678318342,349954.2678318342,349954.26783183415,27.571676069181425,55,10,1686,7
5_34,Cat_D,0.3346249875735868,Medium,137.46360153256705,31.21999508540835,1.0,0.0,0.0,0.0,128715.31910985126,128715.31910985126,128715.31910985126,27.64290426234644,48,8,1700,8
5_35,Cat_D,0.2842774160233875,Medium,351.088122605364,76.54634024261867,1.0,0.0,0.0,0.0,331936.4572508279,331936.4572508279,331936.4572508279,27.41817438442547,34,11,1706,8
5_36,Cat_D,0.2784622393005134,Medium,409.735632183908,88.51616016343884,1.0,0.0,0.0,0.0,387168.2687765687,387168.2687765687,387168.26877656876,27.42050638308021,34,10,1700,9
5_37,Cat_D,0.31683430064256046,Medium,155.93869731800766,34.07057263732081,0.9995391943667802,0.000547645125958379,1875.4789272046764,1875.4789272045969,143284.90027817056,145160.37920537515,143284.90027817056,28.115226262673335,69,10,1679,7
5_38,Cat_D,0.2732795434357726,Medium,429.20306513409963,92.00594122847745,1.0,0.0,0.0,0.0,402606.05101558514,402606.05101558514,402606.0510155852,27.58667357374409,34,12,1699,9
5_39,Cat_D,0.30434893009154557,Medium,232.49808429118775,51.94091499157575,0.9999836469271819,0.000547645125958379,99.23371647455497,99.23371647478234,227758.79677741055,227858.03049388534,227758.79677741055,26.686079558511945,55,8,1699,6
5_4,Cat_A,0.33984736491608164,Medium,117.37164750957854,26.141401748035545,1.0,0.0,0.0,0.0,116081.79026924814,116081.79026924814,116081.79026924813,26.442743629243722,34,9,1714,7
5_40,Cat_D,0.32620531291136434,Medium,154.68199233716476,35.24412691739109,0.999974091523544,0.000547645125958379,104.59770114830462,104.59770114827336,151640.73164331145,151745.32934445972,151640.73164331145,26.662240706780548,48,10,1693,8
5_41,Cat_E,0.3518768585241095,Medium,117.75095785440612,27.75696809677059,1.0,0.0,0.0,0.0,115604.13609405335,115604.13609405335,115604.13609405333,26.639753079691125,54,10,1692,6
5_42,Cat_E,0.3064015237145433,Medium,194.00766283524905,42.42876313369403,1.0,0.0,0.0,0.0,181070.9924946196,181070.9924946196,181070.9924946196,27.69110169285623,34,11,1714,7
5_43,Cat_E,0.2904656905824326,Medium,273.99233716475095,59.854309808012786,1.0,0.0,0.0,0.0,251917.3912244797,251917.3912244797,251917.3912244797,28.026105386958502,41,9,1707,7
5_44,Cat_E,0.3303627993080215,Medium,156.81992337164752,35.1604310159144,1.0,0.0,0.0,0.0,148259.80423030592,148259.80423030592,148259.80423030595,27.471321487022333,55,10,1679,8
5_45,Cat_E,0.27813803629669875,Medium,429.7547892720307,91.82450457495632,1.0,0.0,0.0,0.0,412546.7629769578,412546.7629769578,412546.7629769578,27.086377926829606,47,7,1714,7
5_46,Cat_E,0.2861995232352155,Medium,312.97318007662835,68.18579855130383,1.0,0.0,0.0,0.0,304295.7455518837,304295.7455518837,304295.7455518837,26.811888021218596,41,9,1693,10
5_47,Cat_E,0.35169552517162167,Medium,116.83141762452107,27.2005784989018,1.0,0.0,0.0,0.0,109093.23938487287,109093.23938487287,109093.23938487287,27.664863589687112,27,8,1707,9
5_48,Cat_E,0.2918032312522045,Medium,274.8199233716475,60.49909523794132,1.0,0.0,0.0,0.0,257600.21623891496,257600.21623891496,257600.216238915,27.586610481663474,33,9,1707,9
5_49,Cat_E,0.327893169741778,Medium,156.51724137931035,35.293449621805145,1.0,0.0,0.0,0.0,151630.88568729197,151630.88568729197,151630.88568729194,26.913295678358825,48,9,1707,7
5_5,Cat_A,0.3661136834297351,Medium,98.55172413793103,23.628254901880137,1.0,0.0,0.0,0.0,93562.73736419383,93562.73736419383,93562.73736419382,27.309519916993928,26,9,1700,10
5_50,Cat_E,0.2839951181991144,Medium,352.04214559386975,77.35240378141674,1.0,0.0,0.0,0.0,342370.087125386,342370.087125386,342370.087125386,26.821055090709343,48,8,1693,9
5_6,Cat_A,0.2915531612507826,Medium,311.7816091954023,69.26994441270321,1.0,0.0,0.0,0.0,286698.7576759584,286698.7576759584,286698.7576759584,28.04660478567521,48,9,1700,7
5_7,Cat_A,0.2886517604500726,Medium,311.5785440613027,68.61945339352344,1.0,0.0,0.0,0.0,304256.36435206997,304256.36435206997,304256.36435206997,26.71734005015123,41,9,1713,8
5_8,Cat_A,0.2830614645123942,Medium,409.735632183908,88.14478383756963,1.0,0.0,0.0,0.0,396042.41379310156,396042.41379310156,396042.41379310156,26.94429975349479,47,9,1700,9
5_9,Cat_A,0.29452257400237747,Medium,271.71264367816093,58.226991106948795,1.0,0.0,0.0,0.0,251655.86915446402,251655.86915446402,251655.86915446402,27.879700485642573,48,9,1700,8
6_1,Cat_A,0.3365798221801054,Medium,116.96168582375479,26.23866911920394,1.0,0.0,0.0,0.0,101179.23214192012,101179.23214192012,101179.23214192013,29.447038128357633,54,9,1686,8
6_10,Cat_A,0.2807838867396856,Medium,388.7432950191571,83.78667511021173,1.0,0.0,0.0,0.0,369478.4456516009,369478.4456516009,369478.4456516009,27.302990896162104,34,11,1700,9
6_11,Cat_B,0.28253616286106276,Medium,371.0191570881226,80.05279277823138,1.0,0.0,0.0,0.0,352510.38629087113,352510.38629087113,352510.3862908712,27.31796304470157,41,10,1700,9
6_12,Cat_B,0.2805526526477277,Medium,369.90421455938696,79.45227414482586,1.0,0.0,0.0,0.0,325740.609352857,325740.609352857,325740.609352857,29.006330742643076,41,10,1700,8
6_13,Cat_B,0.2791649379666298,Medium,450.02681992337165,98.54410984740518,1.0,0.0,0.0,0.0,436553.07379415084,436553.07379415084,436553.07379415084,26.86061565525681,34,9,1707,8
6_14,Cat_B,0.2864826467934195,Medium,312.13793103448273,67.8761608338972,1.0,0.0,0.0,0.0,301064.2442135101,301064.2442135101,301064.2442135101,26.981238303045146,41,9,1714,8
6_15,Cat_B,0.27303366995781736,Medium,466.42528735632186,100.06305306585163,1.0,0.0,0.0,0.0,427948.4427649192,427948.4427649192,427948.44276491925,28.104203820336107,48,10,1699,6
6_16,Cat_B,0.32953902702812105,Medium,137.24521072796935,31.16052152924682,1.0,0.0,0.0,0.0,126459.37411431297,126459.37411431297,126459.37411431297,28.010577810116594,54,9,1693,7
6_17,Cat_B,0.3080688965605376,Medium,175.31417624521072,37.661255215605465,1.0,0.0,0.0,0.0,162981.18537762982,162981.18537762982,162981.18537762982,27.768577840527303,27,11,1707,10
6_18,Cat_B,0.2773923738220243,Medium,445.8352490421456,95.3608917523484,1.0,0.0,0.0,0.0,429913.8180339074,429913.8180339074,429913.81803390733,26.99392322807887,34,11,1700,8
6_19,Cat_B,0.30611282594907124,Medium,213.272030651341,47.31635291490974,1.0,0.0,0.0,0.0,204563.71647509697,204563.71647509697,204563.716475097,27.10758665245018,41,9,1706,8
6_2,Cat_A,0.2807290729691959,Medium,311.56704980842915,65.50584461969642,1.0,0.0,0.0,0.0,302526.65511992906,302526.65511992906,302526.655119929,26.82802595000726,27,10,1714,8
6_20,Cat_B,0.2922242717892481,Medium,253.2375478927203,55.66615019058681,1.0,0.0,0.0,0.0,243171.79499291326,243171.79499291326,243171.79499291326,27.048946147827134,27,7,1721,8
6_21,Cat_C,0.30315094745217225,Medium,215.65134099616859,48.280561147663484,1.0,0.0,0.0,0.0,197263.83194247552,197263.83194247552,197263.8319424755,28.17777353674038,55,10,1685,7
6_22,Cat_C,0.2765016666226081,Medium,426.9808429118774,92.36776211291622,1.0,0.0,0.0,0.0,398812.6363302384,398812.6363302384,398812.63633023837,27.691326546597992,48,8,1707,8
6_23,Cat_C,0.32969559213114846,Medium,155.639846743295,36.17001231331908,1.0,0.0,0.0,0.0,147055.53666089353,147055.53666089353,147055.53666089353,27.449172689913926,34,12,1700,5
6_24,Cat_C,0.2845238531173774,Medium,353.3639846743295,76.52305890423682,1.0,0.0,0.0,0.0,338489.04109589336,338489.04109589336,338489.04109589336,27.145931637339572,41,11,1699,8
6_25,Cat_C,0.2775063226108707,Medium,429.3141762452107,93.86914454846766,1.0,0.0,0.0,0.0,412344.4391959247,412344.4391959247,412344.4391959247,27.072482769582045,40,9,1700,9
6_26,Cat_C,0.2889927285655294,Medium,252.9655172413793,53.90342823602984,1.0,0.0,0.0,0.0,244150.97543694125,244150.97543694125,244150.97543694123,26.96180593157953,41,7,1713,8
6_27,Cat_C,0.35226606843953284,Medium,117.6015325670498,27.895999119461088,1.0,0.0,0.0,0.0,120573.47451844903,120573.47451844903,120573.47451844902,25.685492212016207,34,7,1721,7
6_28,Cat_C,0.27305191921882793,Medium,464.96934865900386,97.82130007922358,1.0,0.0,0.0,0.0,439547.9320841889,439547.9320841889,439547.9320841889,27.42780220000058,47,9,1700,8
6_29,Cat_C,0.27655896371882277,Medium,372.5593869731801,79.46146452361751,0.9999564208653746,0.000547645125958379,423.75478926987853,423.75478927016275,322812.5806959544,323236.33548522455,322812.5806959544,29.44060699935039,69,9,1685,6
6_3,Cat_A,0.3042952128832241,Medium,194.57088122605364,42.172627775029866,1.0,0.0,0.0,0.0,178147.83551146806,178147.83551146806,178147.83551146806,28.10071494180158,27,9,1707,9
6_30,Cat_C,0.30182943031067544,Medium,214.544061302682,45.92580736257034,1.0,0.0,0.0,0.0,187757.36839343,187757.36839343,187757.36839343,29.139628271621685,41,10,1700,9
6_31,Cat_D,0.2868818757224376,Medium,312.2452107279693,67.79517530239411,1.0,0.0,0.0,0.0,309642.3571091162,309642.3571091162,309642.3571091162,26.424432594949483,55,9,1700,6
6_32,Cat_D,0.2976746919703765,Medium,233.97318007662835,51.248520138504276,1.0,0.0,0.0,0.0,220834.071799718,220834.071799718,220834.071799718,27.479647178605166,54,9,1706,6
6_33,Cat_D,0.2812499274959025,Medium,368.5057471264368,79.76024750606105,1.0,0.0,0.0,0.0,353291.3155408629,353291.3155408629,353291.3155408629,27.102714212451765,34,9,1707,9
6_34,Cat_D,0.3338826294091015,Medium,137.5287356321839,31.584504141378623,1.0,0.0,0.0,0.0,132356.96661943028,132356.96661943028,132356.9666194303,27.042934267174825,48,10,1706,8
6_35,Cat_D,0.2830118522967308,Medium,349.60919540229884,75.02564017954214,1.0,0.0,0.0,0.0,323037.1012438954,323037.1012438954,323037.1012438954,27.945260497846597,41,12,1686,8
6_36,Cat_D,0.2805600347482378,Medium,411.808429118774,90.69501770422113,1.0,0.0,0.0,0.0,386917.9853566387,386917.9853566387,386917.9853566387,27.557667680082965,41,10,1707,8
6_37,Cat_D,0.32134860936966575,Medium,156.93869731800766,34.31522532442011,1.0,0.0,0.0,0.0,141581.212407494,141581.212407494,141581.212407494,28.449833988948402,41,10,1706,7
6_38,Cat_D,0.27552162967435917,Medium,428.99233716475095,92.17625225358566,1.0,0.0,0.0,0.0,394821.5446386402,394821.5446386402,394821.5446386402,28.02603428279814,48,9,1700,8
6_39,Cat_D,0.3005845765996467,Medium,233.45977011494253,51.58677631637959,1.0,0.0,0.0,0.0,211043.03101873555,211043.03101873555,211043.03101873552,28.4013983916739,34,10,1693,10
6_4,Cat_A,0.3495272116239446,Medium,117.21455938697318,27.378963336160222,1.0,0.0,0.0,0.0,102190.1692646827,102190.1692646827,102190.1692646827,29.23296610236217,52,8,1706,9
6_40,Cat_D,0.3347955497391384,Medium,155.17624521072796,36.35328218809594,1.0,0.0,0.0,0.0,151586.25124652224,151586.25124652224,151586.25124652224,26.682350571508632,33,7,1728,7
6_41,Cat_E,0.35541897779840903,Medium,116.18773946360153,27.20533041422662,1.0,0.0,0.0,0.0,107710.75158767568,107710.75158767568,107710.75158767568,27.880609374737436,40,13,1692,7
6_42,Cat_E,0.3114247309198103,Medium,195.1455938697318,43.00726537158712,1.0,0.0,0.0,0.0,170808.41783446155,170808.41783446155,170808.41783446155,29.16699587900247,48,10,1693,7
6_43,Cat_E,0.2912304533692307,Medium,273.0919540229885,60.02268138934739,1.0,0.0,0.0,0.0,263884.8157770417,263884.8157770417,263884.8157770417,26.942175725434566,47,7,1714,7
6_44,Cat_E,0.32205061024611403,Medium,156.17241379310346,34.60709361362154,1.0,0.0,0.0,0.0,138951.3651393481,138951.3651393481,138951.3651393481,28.76761642964742,47,7,1714,6
6_45,Cat_E,0.28110938908890915,Medium,427.7662835249042,95.41719614600635,1.0,0.0,0.0,0.0,419731.7879074139,419731.7879074139,419731.7879074139,26.64232132524216,54,9,1700,7
6_46,Cat_E,0.29033864217798455,Medium,311.60919540229884,68.28295591848324,1.0,0.0,0.0,0.0,283287.55156667926,283287.55156667926,283287.55156667926,28.28247110680572,34,10,1706,7
6_47,Cat_E,0.34432106052795153,Medium,116.89655172413794,25.95174567246444,1.0,0.0,0.0,0.0,104510.57864903133,104510.57864903133,104510.57864903135,28.675592753777657,27,15,1685,5
6_48,Cat_E,0.292261024200245,Medium,273.2183908045977,59.676324120018116,1.0,0.0,0.0,0.0,262268.0703826163,262268.0703826163,262268.0703826163,27.080709239651252,41,8,1713,8
6_49,Cat_E,0.31800375202566394,Medium,155.183908045977,34.35746321419245,1.0,0.0,0.0,0.0,136947.12958589214,136947.12958589214,136947.12958589214,28.97635038163839,54,8,1706,5
6_5,Cat_A,0.37341099792444576,Medium,97.19923371647509,24.29669491980205,1.0,0.0,0.0,0.0,93708.46165958187,93708.46165958187,93708.46165958188,26.98364767561938,41,6,1706,8
6_50,Cat_E,0.2799473797604259,Medium,353.4214559386973,75.6936040344113,1.0,0.0,0.0,0.0,319348.10161129537,319348.10161129537,319348.10161129537,28.44491343253685,41,12,1686,7
6_6,Cat_A,0.2877995639797977,Medium,311.35632183908046,66.7105649016407,1.0,0.0,0.0,0.0,287831.04078098084,287831.04078098084,287831.0407809808,27.913424924471045,41,9,1706,8
6_7,Cat_A,0.28720963285085876,Medium,312.02298850574715,67.55214117397259,1.0,0.0,0.0,0.0,294600.5778617523,294600.5778617523,294600.5778617523,27.478800594586566,48,9,1699,6
6_8,Cat_A,0.28002446576307477,Medium,408.4750957854406,88.57884554110332,1.0,0.0,0.0,0.0,373490.70802498126,373490.70802498126,373490.7080249813,28.151901737347472,34,10,1707,7
6_9,Cat_A,0.290667243507415,Medium,276.0689655172414,60.03206702769804,1.0,0.0,0.0,0.0,260030.98252243717,260030.98252243717,260030.98252243717,27.505275648737623,34,12,1700,7
7_1,Cat_A,0.3545233829935531,Medium,106.05747126436782,24.43878836312932,1.0,0.0,0.0,0.0,95795.69595339378,95795.69595339378,95795.69595339378,28.443908261625666,48,10,1706,6
7_10,Cat_A,0.28066652127114866,Medium,357.90038314176246,77.16205249995937,1.0,0.0,0.0,0.0,332563.3031543583,332563.3031543583,332563.3031543583,27.825544450824058,54,9,1693,7
7_11,Cat_B,0.2829716812885728,Medium,338.56704980842915,74.76825932450716,1.0,0.0,0.0,0.0,333487.82895082183,333487.82895082183,333487.82895082183,26.527229669983683,27,11,1707,8
7_12,Cat_B,0.28778902606507745,Medium,339.6551724137931,73.6765009378901,1.0,0.0,0.0,0.0,315660.5668398692,315660.5668398692,315660.56683986913,27.79105957649665,34,11,1700,9
7_13,Cat_B,0.27562901164338627,Medium,409.60919540229884,86.520343048749,1.0,0.0,0.0,0.0,391117.90584159654,391117.90584159654,391117.9058415965,27.21193656413597,34,12,1693,7
7_14,Cat_B,0.28462672986697723,Medium,287.0,60.37950492828345,1.0,0.0,0.0,0.0,251450.4109589041,251450.4109589041,251450.4109589041,29.1000860364025,34,10,1707,9
7_15,Cat_B,0.276312343951468,Medium,427.7394636015326,92.47324526845804,1.0,0.0,0.0,0.0,414382.1335222778,414382.1335222778,414382.1335222778,26.91200364105054,48,9,1693,8
7_16,Cat_B,0.3448307690979975,Medium,124.21072796934865,28.22815084012124,1.0,0.0,0.0,0.0,118472.69327664963,118472.69327664963,118472.69327664963,27.252767876491173,41,14,1685,8
7_17,Cat_B,0.3195150977906498,Medium,159.68582375478928,35.827161889135986,1.0,0.0,0.0,0.0,152709.11641211386,152709.11641211386,152709.11641211386,27.16408685684178,34,11,1713,7
7_18,Cat_B,0.2755989814427348,Medium,410.9961685823755,87.65818659755315,1.0,0.0,0.0,0.0,382339.878496825,382339.878496825,382339.87849682494,27.770632659054492,34,11,1700,8
7_19,Cat_B,0.3141353190705939,Medium,197.15325670498083,44.609927738280646,1.0,0.0,0.0,0.0,198301.34991864703,198301.34991864703,198301.349918647,26.079792760786447,34,7,1714,8
7_2,Cat_A,0.28687252599971785,Medium,284.86973180076626,60.67307002671165,1.0,0.0,0.0,0.0,258102.0792001249,258102.0792001249,258102.0792001249,28.381868269244528,54,9,1699,6
7_20,Cat_B,0.3011179605743274,Medium,232.632183908046,51.73180429481283,1.0,0.0,0.0,0.0,225896.65013383812,225896.65013383812,225896.65013383812,26.85500717760465,48,10,1692,9
7_21,Cat_C,0.3049611564703315,Medium,197.367816091954,42.76854926655857,1.0,0.0,0.0,0.0,180526.22028026986,180526.22028026986,180526.2202802699,28.148105206477194,41,8,1700,8
7_22,Cat_C,0.28293924319079156,Medium,391.9501915708812,84.78584679809977,1.0,0.0,0.0,0.0,372259.5977011512,372259.5977011512,372259.5977011512,27.328523378914294,41,9,1707,7
7_23,Cat_C,0.3369175669630063,Medium,141.62835249042146,32.59701202632694,1.0,0.0,0.0,0.0,131181.5931874255,131181.5931874255,131181.5931874255,27.884198230854988,47,8,1707,7
7_24,Cat_C,0.2805081842984312,Medium,320.0383141762452,69.05186503519934,1.0,0.0,0.0,0.0,298130.92583844747,298130.92583844747,298130.9258384474,27.7315215309343,34,9,1700,8
7_25,Cat_C,0.2792407587246432,Medium,394.57471264367814,84.90460241904641,1.0,0.0,0.0,0.0,383591.9154463861,383591.9154463861,383591.9154463861,26.80477608497587,34,10,1706,9
7_26,Cat_C,0.3028531587724539,Medium,231.0,51.34513683809868,1.0,0.0,0.0,0.0,218912.67123287672,218912.67123287672,218912.67123287672,27.352204770538997,34,9,1713,8
7_27,Cat_C,0.36010988458482573,Medium,106.4367816091954,25.161494306896177,0.9996851286379844,0.001095290251916758,874.7126436792314,874.712643679328,98954.03479766898,99828.74744134831,98954.034797669,27.87493659951406,69,11,1678,5
7_28,Cat_C,0.27926411987549266,Medium,427.4942528735632,92.4388205450858,1.0,0.0,0.0,0.0,399424.6126594203,399424.6126594203,399424.61265942024,27.694385415314414,48,9,1700,8
7_29,Cat_C,0.2786872103879151,Medium,339.4406130268199,72.14772051151284,1.0,0.0,0.0,0.0,315651.6301894704,315651.6301894704,315651.6301894705,27.774323163327757,34,11,1699,9
7_3,Cat_A,0.3221655224479758,Medium,178.6206896551724,41.51984920473681,1.0,0.0,0.0,0.0,181958.78601795062,181958.78601795062,181958.78601795062,25.811070235562326,41,7,1721,7
7_30,Cat_C,0.3106740736810975,Medium,196.45210727969348,43.170175394816496,1.0,0.0,0.0,0.0,182199.58431742952,182199.58431742952,182199.58431742952,27.85828187594543,41,11,1700,7
7_31,Cat_D,0.29502669829431527,Medium,286.9501915708812,64.71334283088589,1.0,0.0,0.0,0.0,280596.1441767692,280596.1441767692,280596.14417676924,26.687709317060513,40,8,1714,7
7_32,Cat_D,0.30452382973746944,Medium,214.5632183908046,47.11908836197558,1.0,0.0,0.0,0.0,190441.4147378373,190441.4147378373,190441.41473783727,28.806876110511343,34,11,1706,9
7_33,Cat_D,0.2864192537209181,Medium,338.1609195402299,73.99732950948841,1.0,0.0,0.0,0.0,309033.4215084223,309033.4215084223,309033.4215084223,28.16837473098277,34,12,1693,10
7_34,Cat_D,0.34303300860425523,Medium,125.80076628352491,28.658844778286795,1.0,0.0,0.0,0.0,121474.24132682427,121474.24132682427,121474.24132682427,26.992269728856776,48,11,1693,6
7_35,Cat_D,0.2870305521906136,Medium,322.1647509578544,70.45587587301637,1.0,0.0,0.0,0.0,303851.8369810509,303851.8369810509,303851.8369810509,27.469369103976895,41,11,1700,9
7_36,Cat_D,0.28298177857127993,Medium,374.68199233716473,81.41174091672691,1.0,0.0,0.0,0.0,341904.1158872646,341904.1158872646,341904.11588726466,28.18618811217623,40,8,1714,8
7_37,Cat_D,0.33083610755465237,Medium,141.67049808429118,32.667536392904324,1.0,0.0,0.0,0.0,136410.93161181983,136410.93161181983,136410.93161181983,27.057930102067154,54,10,1686,6
7_38,Cat_D,0.2726802017608794,Medium,390.5249042145594,82.27704344101484,1.0,0.0,0.0,0.0,353529.1137878565,353529.1137878565,353529.1137878565,28.383320962722173,48,9,1707,7
7_39,Cat_D,0.3018405141311971,Medium,214.15708812260536,46.034375090250705,1.0,0.0,0.0,0.0,196166.69159712258,196166.69159712258,196166.6915971226,28.14615045162021,55,9,1699,6
7_4,Cat_A,0.3467840237187434,Medium,107.44827586206897,24.81210558486273,0.9999360610666002,0.000547645125958379,179.31034482644463,179.31034482634232,95263.8025507802,95443.11289560654,95263.80255078021,28.872945908366,48,9,1693,8
7_40,Cat_D,0.33363926812620026,Medium,142.68582375478928,32.63199453744586,1.0,0.0,0.0,0.0,139190.4036109797,139190.4036109797,139190.4036109797,26.743140925379254,41,8,1713,7
7_41,Cat_E,0.34641487187089354,Medium,108.24137931034483,24.723065616440064,0.9998950296541231,0.000547645125958379,296.55172413658875,296.55172413669106,86069.37175248063,86365.92347661732,86069.37175248063,31.502338948506775,83,9,1671,5
7_42,Cat_E,0.3139025827734971,Medium,177.95402298850576,39.599507003334764,1.0,0.0,0.0,0.0,166918.9985828996,166918.9985828996,166918.9985828996,27.5625996447052,34,6,1721,8
7_43,Cat_E,0.29814870152178935,Medium,247.84674329501917,54.727080546310084,1.0,0.0,0.0,0.0,243447.05505694734,243447.05505694734,243447.05505694734,26.59082729528287,34,10,1706,8
7_44,Cat_E,0.336467243077735,Medium,143.04597701149424,33.067614198083845,1.0,0.0,0.0,0.0,135247.13037316894,135247.13037316894,135247.13037316894,27.416061736672496,34,11,1706,7
7_45,Cat_E,0.28393300738135285,Medium,391.1264367816092,86.09312550922371,1.0,0.0,0.0,0.0,384995.0023618342,384995.0023618342,384995.0023618342,26.55920577703876,41,8,1713,6
7_46,Cat_E,0.29641592977517267,Medium,285.64367816091954,63.02258026566485,1.0,0.0,0.0,0.0,278208.4073374264,278208.4073374264,278208.4073374264,26.77030921204191,41,8,1714,8
7_47,Cat_E,0.35093619216656485,Medium,108.29501915708812,25.20807894954622,1.0,0.0,0.0,0.0,104188.06854563505,104188.06854563505,104188.06854563505,27.067795482565526,54,9,1699,7
7_48,Cat_E,0.298954714577551,Medium,249.23371647509578,54.031712315547374,1.0,0.0,0.0,0.0,236243.19162336463,236243.19162336463,236243.19162336466,27.34502825544745,27,9,1714,8
7_49,Cat_E,0.33455861194293574,Medium,142.76628352490422,32.33768599869314,1.0,0.0,0.0,0.0,138040.03857660366,138040.03857660366,138040.03857660366,26.95511813400073,48,10,1693,6
7_5,Cat_A,0.3715515973335919,Medium,89.08812260536398,20.463379409238556,1.0,0.0,0.0,0.0,89483.61281687839,89483.61281687839,89483.61281687839,26.118113817179154,40,10,1700,11
7_50,Cat_E,0.2910067302235885,Medium,320.59003831417624,71.11310422623127,1.0,0.0,0.0,0.0,294174.2342413252,294174.2342413252,294174.2342413252,28.088922804838088,48,9,1693,10
7_6,Cat_A,0.2941544784060316,Medium,284.7701149425287,63.40129235811398,1.0,0.0,0.0,0.0,276815.73452999577,276815.73452999577,276815.73452999577,26.823585323447173,47,8,1693,10
7_7,Cat_A,0.2892900685654515,Medium,284.81226053639847,61.85217491251855,1.0,0.0,0.0,0.0,276866.51524694153,276866.51524694153,276866.51524694153,26.799313434019517,27,9,1707,9
7_8,Cat_A,0.27473718949347087,Medium,375.86206896551727,79.51098217524516,1.0,0.0,0.0,0.0,347016.6178554555,347016.6178554555,347016.6178554555,27.951124648630056,41,10,1699,7
7_9,Cat_A,0.2934260389150184,Medium,251.17624521072796,54.088740927092225,1.0,0.0,0.0,0.0,241798.17299112794,241798.17299112794,241798.17299112797,27.034999955913236,47,8,1707,8
8_1,Cat_A,0.3215410659226976,Medium,188.7816091954023,42.9790893576855,1.0,0.0,0.0,0.0,184105.99354432407,184105.99354432407,184105.9935443241,26.740597662971457,34,9,1714,7
8_10,Cat_A,0.26613234553487697,Medium,628.383141762452,134.35829947488793,1.0,0.0,0.0,0.0,604498.2233768958,604498.2233768958,604498.2233768958,27.047797037909426,48,8,1707,7
8_11,Cat_B,0.2677636950843864,Medium,598.1532567049809,127.95684172846069,1.0,0.0,0.0,0.0,559114.401931456,559114.401931456,559114.401931456,27.65175672068139,33,9,1706,9
8_12,Cat_B,0.2668721536685163,Medium,599.1800766283525,127.23927393812738,1.0,0.0,0.0,0.0,553167.2812680386,553167.2812680386,553167.2812680386,27.97709805946174,55,10,1693,7
8_13,Cat_B,0.262543396361106,Medium,726.3409961685824,154.02445674109185,1.0,0.0,0.0,0.0,679833.2637904818,679833.2637904818,679833.2637904818,27.641696564439883,47,8,1706,7
8_14,Cat_B,0.27217474137276204,Medium,500.9463601532567,104.78203106820119,1.0,0.0,0.0,0.0,468256.8955020235,468256.8955020235,468256.8955020235,27.65523174987882,34,9,1707,9
8_15,Cat_B,0.26160165617553766,Medium,755.919540229885,159.347290174454,1.0,0.0,0.0,0.0,709859.1639111899,709859.1639111899,709859.1639111898,27.573384957864995,48,8,1700,8
8_16,Cat_B,0.30661514668920165,Medium,220.44827586206895,49.18069319920551,1.0,0.0,0.0,0.0,214804.2087860162,214804.2087860162,214804.20878601624,26.771054233070682,41,9,1706,9
8_17,Cat_B,0.28367667318920853,Medium,281.88122605363986,59.48572285100345,1.0,0.0,0.0,0.0,241665.58232299253,241665.58232299253,241665.58232299253,29.640682354514407,41,12,1686,7
8_18,Cat_B,0.2649044525460032,Medium,726.3448275862069,154.71036171252445,1.0,0.0,0.0,0.0,686781.2092583796,686781.2092583796,686781.2092583796,27.43340267330112,48,10,1693,8
8_19,Cat_B,0.28328380557516786,Medium,345.93869731800766,74.00631519718917,1.0,0.0,0.0,0.0,328314.54993964394,328314.54993964394,328314.549939644,27.318751304928696,33,9,1714,8
8_2,Cat_A,0.27243047444687996,Medium,501.32183908045977,106.54610712877825,1.0,0.0,0.0,0.0,488070.9289875578,488070.9289875578,488070.9289875578,26.777816451424197,34,11,1706,9
8_20,Cat_B,0.27409691182898044,Medium,406.09961685823754,85.92898252809795,1.0,0.0,0.0,0.0,384806.89209048584,384806.89209048584,384806.89209048584,27.37174515279878,34,11,1706,7
8_21,Cat_C,0.2811613725447517,Medium,347.3831417624521,74.81448044287626,1.0,0.0,0.0,0.0,314309.29512412765,314309.29512412765,314309.29512412765,28.37138958983061,27,10,1714,8
8_22,Cat_C,0.2665176204565903,Medium,692.0229885057471,147.99755536012404,1.0,0.0,0.0,0.0,663093.1475358192,663093.1475358192,663093.1475358192,27.131150954300608,41,10,1706,7
8_23,Cat_C,0.2951958523034838,Medium,251.80459770114942,55.040510761925944,1.0,0.0,0.0,0.0,236530.98567154614,236530.98567154614,236530.9856715461,27.57313792369187,48,10,1693,8
8_24,Cat_C,0.27191391652626684,Medium,568.1379310344828,121.87372144469809,1.0,0.0,0.0,0.0,519567.035899858,519567.035899858,519567.03589985793,28.15210875572595,41,9,1706,7
8_25,Cat_C,0.26416670123384195,Medium,694.3333333333334,148.07331863744957,1.0,0.0,0.0,0.0,649895.5479452078,649895.5479452078,649895.5479452078,27.648093729096296,40,10,1700,8
8_26,Cat_C,0.28095027751503676,Medium,410.13026819923374,89.28880476988972,1.0,0.0,0.0,0.0,396087.61979740835,396087.61979740835,396087.61979740835,26.951138103258288,41,8,1707,9
8_27,Cat_C,0.3082126646955175,Medium,189.20689655172413,41.21635353119543,1.0,0.0,0.0,0.0,174738.54983467233,174738.54983467233,174738.54983467233,28.009151881157862,83,8,1679,5
8_28,Cat_C,0.2632234336683755,Medium,754.2796934865901,160.08118832420718,1.0,0.0,0.0,0.0,704579.9561748885,704579.9561748885,704579.9561748884,27.6860405544,48,8,1707,7
8_29,Cat_C,0.27332801630146464,Medium,596.2950191570882,131.16276270820788,1.0,0.0,0.0,0.0,578560.5799611632,578560.5799611632,578560.5799611632,26.85466236214462,41,9,1707,7
8_3,Cat_A,0.28374957514462273,Medium,315.36015325670496,68.2843079618046,1.0,0.0,0.0,0.0,296057.06161759095,296057.06161759095,296057.0616175909,27.566240677466425,41,9,1707,7
8_30,Cat_C,0.2873089326237201,Medium,344.3524904214559,77.10082237616956,1.0,0.0,0.0,0.0,324090.07610349846,324090.07610349846,324090.07610349846,27.559312809652592,55,10,1692,6
8_31,Cat_D,0.2718325022748691,Medium,503.56704980842915,106.64899430858272,1.0,0.0,0.0,0.0,462460.30992494663,462460.30992494663,462460.3099249466,28.05958601918334,40,10,1693,9
8_32,Cat_D,0.28194830493288037,Medium,377.82758620689657,80.67492321703354,1.0,0.0,0.0,0.0,345313.8403401064,345313.8403401064,345313.8403401064,28.194199981669644,54,9,1692,8
8_33,Cat_D,0.2710191500448974,Medium,597.088122605364,127.52633171804895,1.0,0.0,0.0,0.0,578720.1309505109,578720.1309505109,578720.1309505107,26.900494600031156,48,9,1693,8
8_34,Cat_D,0.30088748449296776,Medium,221.99233716475095,47.839876538395885,1.0,0.0,0.0,0.0,204778.55298378275,204778.55298378275,204778.55298378275,27.94377771265215,27,11,1693,11
8_35,Cat_D,0.26950269276714145,Medium,565.5938697318007,120.10231135596237,1.0,0.0,0.0,0.0,517507.81346769416,517507.81346769416,517507.81346769416,28.14166065013505,40,9,1707,8
8_36,Cat_D,0.26543141114101404,Medium,660.1992337164751,141.45123704283748,1.0,0.0,0.0,0.0,642859.9328189789,642859.9328189789,642859.9328189789,26.758196934894773,27,9,1714,8
8_37,Cat_D,0.30327958482362527,Medium,252.0536398467433,55.78286368528714,1.0,0.0,0.0,0.0,245024.75804335435,245024.75804335435,245024.75804335435,26.803258876624263,34,9,1713,8
8_38,Cat_D,0.26632609693856446,Medium,692.2567049808429,149.4426285693494,1.0,0.0,0.0,0.0,666372.5056421527,666372.5056421527,666372.5056421527,27.006181983256102,33,8,1714,8
8_39,Cat_D,0.28110757072018194,Medium,376.0153256704981,81.56714880526629,1.0,0.0,0.0,0.0,352837.6121870558,352837.6121870558,352837.61218705575,27.564600207968006,34,8,1713,8
8_4,Cat_A,0.3089057152527631,Medium,188.53639846743295,41.06228403359946,0.9992857747953645,0.0016429353778751369,3514.559386970359,3514.5593869705863,160616.56825696898,164131.12764393954,160616.56825696895,29.821131932125343,69,8,1692,6
8_40,Cat_D,0.2927034800065536,Medium,251.83141762452107,54.8854254990647,1.0,0.0,0.0,0.0,241945.7670708039,241945.7670708039,241945.7670708039,27.068348175696027,41,9,1713,8
8_41,Cat_E,0.3119348175069786,Medium,189.1494252873563,40.724835194160235,1.0,0.0,0.0,0.0,184455.15745551823,184455.15745551823,184455.15745551823,26.73349062600378,27,10,1720,7
8_42,Cat_E,0.28580327901179403,Medium,315.8352490421456,67.75441841138229,1.0,0.0,0.0,0.0,277593.8172466298,277593.8172466298,277593.8172466298,29.043451381548753,40,9,1693,9
8_43,Cat_E,0.2740696221094789,Medium,440.62068965517244,93.86613726013196,1.0,0.0,0.0,0.0,421757.21539914777,421757.21539914777,421757.2153991477,27.155127418273537,47,9,1700,9
8_44,Cat_E,0.2898344075929111,Medium,253.22222222222223,54.68571431761087,1.0,0.0,0.0,0.0,231423.83561643766,231423.83561643766,231423.83561643766,28.16696357040075,41,9,1707,7
8_45,Cat_E,0.2667281622819573,Medium,692.2107279693487,148.60639040459685,1.0,0.0,0.0,0.0,629303.9135569145,629303.9135569145,629303.9135569145,28.319591189928342,55,10,1692,6
8_46,Cat_E,0.27193224727185805,Medium,503.7586206896552,107.58348802930549,1.0,0.0,0.0,0.0,468937.5649503994,468937.5649503994,468937.5649503994,27.747438949890498,34,9,1707,8
8_47,Cat_E,0.3071791780431007,Medium,189.9463601532567,41.558172807345294,1.0,0.0,0.0,0.0,172414.63444076898,172414.63444076898,172414.63444076898,28.32322158307931,47,9,1699,8
8_48,Cat_E,0.27949450213751725,Medium,438.91954022988506,95.88072137867701,1.0,0.0,0.0,0.0,432950.011021883,432950.011021883,432950.01102188305,26.49732653669915,34,10,1707,9
8_49,Cat_E,0.2990497981063143,Medium,252.1072796934866,56.593047825566465,1.0,0.0,0.0,0.0,242872.84915761527,242872.84915761527,242872.84915761527,27.026465942469432,41,10,1707,6
8_5,Cat_A,0.32088031820488194,Medium,156.90804597701148,35.43606339394111,1.0,0.0,0.0,0.0,161198.98205007074,161198.98205007074,161198.98205007077,25.61670255934894,27,7,1749,4
8_50,Cat_E,0.26887244165672475,Medium,566.4942528735633,120.0171981486774,1.0,0.0,0.0,0.0,522393.19949613814,522393.19949613814,522393.1994961382,27.985353819729287,48,10,1700,7
8_6,Cat_A,0.27438647077638045,Medium,503.43295019157085,109.87643543524337,1.0,0.0,0.0,0.0,465717.8853723819,465717.8853723819,465717.8853723819,27.89072626420339,41,10,1700,9
8_7,Cat_A,0.2694771653839804,Medium,501.8390804597701,105.15185431956733,1.0,0.0,0.0,0.0,461761.3249881925,461761.3249881925,461761.3249881925,27.994929777258342,40,6,1714,8
8_8,Cat_A,0.2690504119659774,Medium,660.8659003831417,142.42377592287218,1.0,0.0,0.0,0.0,647914.9073636689,647914.9073636689,647914.9073636689,26.629894564919848,41,7,1707,9
8_9,Cat_A,0.2774390019788501,Medium,442.1111111111111,95.97350952171398,1.0,0.0,0.0,0.0,444655.9436834122,444655.9436834122,444655.9436834122,26.08618292773367,34,10,1700,10
9_1,Cat_A,0.3295790098777817,Medium,163.19157088122606,38.743258542910894,1.0,0.0,0.0,0.0,156574.3132315122,156574.3132315122,156574.31323151223,27.149207426698734,69,8,1692,6
9_10,Cat_A,0.27154143270051684,Medium,539.44061302682,115.4063111442803,1.0,0.0,0.0,0.0,530045.7820290758,530045.7820290758,530045.7820290758,26.585771006306224,41,8,1707,8
9_11,Cat_B,0.2683174362494287,Medium,511.90038314176246,107.65052806261721,1.0,0.0,0.0,0.0,481032.73421508214,481032.73421508214,481032.73421508214,27.529881681895947,27,10,1707,9
9_12,Cat_B,0.27315191099687613,Medium,513.5555555555555,109.79898494074122,1.0,0.0,0.0,0.0,488691.3698630151,488691.3698630151,488691.3698630151,27.299939474352964,48,9,1700,7
9_13,Cat_B,0.2669558159510393,Medium,619.2413793103449,132.18110817393767,1.0,0.0,0.0,0.0,592868.5144071806,592868.5144071806,592868.5144071805,27.15585857570093,48,9,1700,7
9_14,Cat_B,0.2780313410476605,Medium,429.97318007662835,92.32619455496935,1.0,0.0,0.0,0.0,410006.87030914,410006.87030914,410006.87030913995,27.239761656393313,47,9,1700,8
9_15,Cat_B,0.26423972900736004,Medium,651.6053639846743,137.910287903327,1.0,0.0,0.0,0.0,608920.5852096752,608920.5852096752,608920.5852096752,27.67797404388996,47,9,1700,8
9_16,Cat_B,0.31318096281230656,Medium,188.88122605363984,42.13719889597199,1.0,0.0,0.0,0.0,178725.2435312016,178725.2435312016,178725.2435312016,27.410410307268986,41,11,1693,8
9_17,Cat_B,0.30260341434260685,Medium,243.1072796934866,54.569750572743764,1.0,0.0,0.0,0.0,229856.6677163722,229856.6677163722,229856.6677163722,27.451116864952862,55,11,1686,7
9_18,Cat_B,0.2717489724381245,Medium,619.9348659003831,134.97281624774416,1.0,0.0,0.0,0.0,586138.8009762177,586138.8009762177,586138.8009762177,27.42436440046426,47,9,1700,9
9_19,Cat_B,0.28640253779165603,Medium,297.9501915708812,65.05797274178504,1.0,0.0,0.0,0.0,292793.8584474882,292793.8584474882,292793.8584474882,26.590003592598602,48,8,1700,8
9_2,Cat_A,0.2736289695355417,Medium,432.3103448275862,90.36545166218899,1.0,0.0,0.0,0.0,391670.6093528557,391670.6093528557,391670.60935285565,28.353098895320173,34,9,1713,7
9_20,Cat_B,0.2819477836206574,Medium,349.40996168582376,75.16451531089382,1.0,0.0,0.0,0.0,323164.6538602861,323164.6538602861,323164.6538602861,27.892909858874365,34,10,1707,8
9_21,Cat_C,0.2881190530149525,Medium,297.86206896551727,64.14553868061289,1.0,0.0,0.0,0.0,278992.88143599394,278992.88143599394,278992.88143599394,27.64306871021949,48,10,1693,8
9_22,Cat_C,0.26871076994507676,Medium,593.7164750957854,127.81932890964454,1.0,0.0,0.0,0.0,577892.7494357842,577892.7494357842,577892.7494357842,26.7938846109411,47,8,1707,8
9_23,Cat_C,0.30483758400507904,Medium,216.0536398467433,47.832208694807676,1.0,0.0,0.0,0.0,207831.03736944473,207831.03736944473,207831.03736944473,27.03306706276208,41,8,1714,7
9_24,Cat_C,0.26954406714004914,Medium,485.9961685823755,101.9756946186496,1.0,0.0,0.0,0.0,440426.5160342207,440426.5160342207,440426.5160342207,28.364902201311125,41,10,1700,7
9_25,Cat_C,0.27130838090553056,Medium,595.6321839080459,128.06585880312304,1.0,0.0,0.0,0.0,574172.2972760173,574172.2972760173,574172.2972760173,26.995177638393724,41,9,1707,9
9_26,Cat_C,0.28015025507024777,Medium,350.7394636015326,75.41144280455741,1.0,0.0,0.0,0.0,309892.8289508193,309892.8289508193,309892.8289508193,28.934932555364735,47,10,1699,7
9_27,Cat_C,0.32241395472947637,Medium,163.51724137931035,37.49652150091305,1.0,0.0,0.0,0.0,159352.25555030556,159352.25555030556,159352.25555030556,26.77412103719994,48,9,1713,6
9_28,Cat_C,0.26996524478001954,Medium,649.1570881226054,140.31575051930562,1.0,0.0,0.0,0.0,628438.5629559638,628438.5629559638,628438.5629559638,26.91053837896036,41,10,1706,7
9_29,Cat_C,0.2774503948983015,Medium,512.0344827586207,112.98830248602614,1.0,0.0,0.0,0.0,513829.5323571065,513829.5323571065,513829.53235710657,26.11856755733522,27,9,1714,9
9_3,Cat_A,0.2976459070451768,Medium,269.5977011494253,57.70351137898104,1.0,0.0,0.0,0.0,240269.50322783666,240269.50322783666,240269.50322783669,28.720591756912754,41,9,1707,8
9_30,Cat_C,0.2911319896651093,Medium,297.67432950191574,64.32254414002034,1.0,0.0,0.0,0.0,281265.62352385785,281265.62352385785,281265.62352385785,27.43376030102312,48,9,1707,7
9_31,Cat_D,0.27282068495947065,Medium,430.99233716475095,91.76655131939475,1.0,0.0,0.0,0.0,397927.7735789646,397927.7735789646,397927.7735789646,27.923877278450085,40,8,1706,9
9_32,Cat_D,0.2870442799497138,Medium,324.6551724137931,70.73534002825225,1.0,0.0,0.0,0.0,302175.48181388853,302175.48181388853,302175.48181388853,27.768194328196667,48,8,1700,7
9_33,Cat_D,0.27300863366890027,Medium,511.8390804597701,110.68884387846494,1.0,0.0,0.0,0.0,499181.8603369564,499181.8603369564,499181.86033695645,26.752428996244976,47,8,1706,7
9_34,Cat_D,0.31265808496880504,Medium,189.41379310344828,42.197854044271544,1.0,0.0,0.0,0.0,183904.72838923134,183904.72838923134,183904.72838923134,26.841790063832843,41,10,1707,9
9_35,Cat_D,0.2706052242379681,Medium,486.7701149425287,103.82029975833154,1.0,0.0,0.0,0.0,447382.166587936,447382.166587936,447382.166587936,28.03328058154337,34,10,1707,8
9_36,Cat_D,0.2686579265888071,Medium,569.823754789272,120.60351271705755,1.0,0.0,0.0,0.0,514899.7467590427,514899.7467590427,514899.74675904267,28.4333017302952,47,11,1699,7
9_37,Cat_D,0.3044768334607465,Medium,215.81992337164752,48.202239670215235,1.0,0.0,0.0,0.0,208606.95533512003,208606.95533512003,208606.95533512003,26.91471125518172,27,8,1721,7
9_38,Cat_D,0.2729117084533502,Medium,592.1800766283525,128.62770571869672,1.0,0.0,0.0,0.0,571084.6100351617,571084.6100351617,571084.6100351618,26.985220419367202,34,10,1707,9
9_39,Cat_D,0.2904984730121025,Medium,323.7432950191571,71.41826422201612,1.0,0.0,0.0,0.0,334658.97732640285,334658.97732640285,334658.97732640285,25.521932443781473,47,7,1714,8
9_4,Cat_A,0.328013925254856,Medium,161.96168582375478,36.98012027574553,1.0,0.0,0.0,0.0,144994.50191570816,144994.50191570816,144994.50191570816,28.598077610083006,27,9,1714,9
9_40,Cat_D,0.304276659500526,Medium,214.7624521072797,48.23050710393277,1.0,0.0,0.0,0.0,209989.66619430107,209989.66619430107,209989.66619430107,26.67814868896456,34,7,1714,8
9_41,Cat_E,0.32369874684005423,Medium,162.24904214559388,37.581747424296296,1.0,0.0,0.0,0.0,155719.27045609732,155719.27045609732,155719.27045609732,27.11922956195763,47,12,1686,9
9_42,Cat_E,0.29556607662744905,Medium,270.35632183908046,58.95499789829809,1.0,0.0,0.0,0.0,245152.2319319795,245152.2319319795,245152.23193197954,28.368467636626328,47,11,1693,7
9_43,Cat_E,0.2833059952187509,Medium,378.86206896551727,82.52419306069162,1.0,0.0,0.0,0.0,362450.29286726465,362450.29286726465,362450.2928672646,27.16453486364242,40,11,1693,8
9_44,Cat_E,0.3012839429931054,Medium,216.65900383141764,47.298099300768605,1.0,0.0,0.0,0.0,200160.8339893966,200160.8339893966,200160.83398939657,27.96649611501484,62,8,1699,6
9_45,Cat_E,0.2732633404091776,Medium,595.3295019157088,129.42220209654974,1.0,0.0,0.0,0.0,579801.5703563704,579801.5703563704,579801.5703563705,26.774020552892654,34,11,1707,8
9_46,Cat_E,0.276653737963886,Medium,433.8390804597701,92.72737628660349,1.0,0.0,0.0,0.0,409431.7438198725,409431.7438198725,409431.7438198725,27.462351476650316,41,10,1706,7
9_47,Cat_E,0.32357875305358924,Medium,160.93486590038313,36.055400359420574,1.0,0.0,0.0,0.0,152210.9890830835,152210.9890830835,152210.9890830835,27.40260009637677,40,8,1707,8
9_48,Cat_E,0.28171662200425823,Medium,377.632183908046,80.4134673387672,1.0,0.0,0.0,0.0,354409.66776885255,354409.66776885255,354409.6677688526,27.57734206668652,41,9,1700,8
9_49,Cat_E,0.30978014706289014,Medium,217.24904214559388,49.36858282585026,1.0,0.0,0.0,0.0,220964.60872303793,220964.60872303793,220964.60872303793,25.87037818977906,48,9,1699,9
9_5,Cat_A,0.33587872800543894,Medium,134.83141762452107,30.057290321054392,1.0,0.0,0.0,0.0,122409.10880176262,122409.10880176262,122409.10880176262,28.307899152062745,34,11,1693,9
9_50,Cat_E,0.2728444713183985,Medium,484.8927203065134,104.00915263291795,1.0,0.0,0.0,0.0,443342.03511257755,443342.03511257755,443342.0351125776,28.17286134363161,48,10,1693,8
9_6,Cat_A,0.28030522558358256,Medium,429.6513409961686,91.48882386622732,1.0,0.0,0.0,0.0,411442.31774524023,411442.31774524023,411442.3177452402,27.14190129444355,34,11,1707,7
9_7,Cat_A,0.27596994270530123,Medium,432.44827586206895,93.24522160832231,1.0,0.0,0.0,0.0,400037.95229097607,400037.95229097607,400037.95229097607,27.8967975624828,34,10,1700,8
9_8,Cat_A,0.2729168167700085,Medium,568.7011494252873,124.20706485628028,1.0,0.0,0.0,0.0,543724.4481184076,543724.4481184076,543724.4481184076,27.171401119378395,41,9,1706,8
9_9,Cat_A,0.2801505188121347,Medium,378.53256704980845,80.96378518962078,1.0,0.0,0.0,0.0,347519.1019786943,347519.1019786943,347519.1019786943,28.073551492390866,41,12,1692,10
