sku,category,volatility_tier,cv,financial_waste,waste_pct,total_excess_units,overstock_days,turnover_ratio,structural_annotation
2_28,Cat_C,Medium,0.2621364396400685,723599.7520075622,0.004200810559746348,10564556.379310409,1723,28.066061839506812,Moderate — investigate
2_15,Cat_B,Medium,0.2636023416826555,721177.6476145448,0.004186749192695342,10529193.655172355,1720,28.13042680170187,Moderate — investigate
2_18,Cat_B,Medium,0.26435456965649695,718248.984674324,0.004169747033461478,10486435.17624513,1730,27.32150264657144,Moderate — investigate
8_15,Cat_B,Medium,0.26160165617553766,709859.1639111898,0.004121040483247258,10363943.79310337,1723,27.573384957864995,Moderate — investigate
8_28,Cat_C,Medium,0.2632234336683755,704579.9561748884,0.004090392391475223,10286867.360153371,1726,27.6860405544,Moderate — investigate
2_13,Cat_B,Medium,0.26393786678621095,699362.6310817226,0.004060103555299984,10210694.413793148,1715,27.87851153652103,Moderate — investigate
2_45,Cat_E,Medium,0.2647168980331889,690230.0658688858,0.004007085051248235,10077358.961685734,1734,27.193519794074263,Moderate — investigate
8_18,Cat_B,Medium,0.2649044525460032,686781.2092583796,0.003987062942025188,10027005.655172342,1714,27.43340267330112,Moderate — investigate
3_15,Cat_B,Medium,0.26729459758304747,685861.8472156682,0.003981725646418691,10013582.969348757,1731,26.7222410621625,Moderate — investigate
2_25,Cat_C,Medium,0.26774174171649917,684775.1724137991,0.003975417027641478,9997717.517241467,1726,27.395068875856804,Moderate — investigate
8_13,Cat_B,Medium,0.262543396361106,679833.2637904818,0.00394672710358811,9925565.651341034,1724,27.641696564439883,Moderate — investigate
2_22,Cat_C,Medium,0.2627132820771444,676562.3851886806,0.003927738233937487,9877810.823754737,1726,27.570657624535304,Moderate — investigate
2_38,Cat_D,Medium,0.2623232787306397,674521.681624948,0.003915891064205801,9848016.55172424,1734,27.681623714430216,Moderate — investigate
8_38,Cat_D,Medium,0.26632609693856446,666372.5056421527,0.0038685815613669987,9729038.58237543,1740,27.006181983256102,Moderate — investigate
8_22,Cat_C,Medium,0.2665176204565903,663093.1475358192,0.0038495434645129637,9681159.95402296,1724,27.131150954300608,Moderate — investigate
3_28,Cat_C,Medium,0.2618222478095749,662245.1936702841,0.003844620724361886,9668779.827586148,1727,27.431729091681298,Moderate — investigate
8_25,Cat_C,Medium,0.26416670123384195,649895.5479452078,0.0037729256719145976,9488475.000000034,1720,27.648093729096296,Moderate — investigate
8_8,Cat_A,Medium,0.2690504119659774,647914.9073636689,0.0037614271938583147,9459557.647509566,1736,26.629894564919848,Moderate — investigate
2_36,Cat_D,Medium,0.26318185734227906,647358.5918228088,0.003758197540735698,9451435.440613009,1730,27.611756017779445,Moderate — investigate
3_13,Cat_B,Medium,0.2671944990846708,646623.2553928524,0.0037539285936674365,9440699.528735643,1725,27.066246936826015,Moderate — investigate
10_28,Cat_C,Medium,0.26477859421095806,646185.6203747453,0.003751387932479704,9434310.057471283,1723,27.65870797737297,Moderate — investigate
8_36,Cat_D,Medium,0.26543141114101404,642859.9328189789,0.0037320808730674795,9385755.019157091,1740,26.758196934894773,Moderate — investigate
2_8,Cat_A,Medium,0.2652010080505266,641857.2445284236,0.003726259832433604,9371115.770114984,1730,27.86589883337885,Moderate — investigate
10_13,Cat_B,Medium,0.2644628883609713,636516.7556290393,0.0036952559769174846,9293144.632183973,1728,27.066923598614,Moderate — investigate
10_15,Cat_B,Medium,0.2625895175380047,634289.2770167394,0.00368232449697958,9260623.444444394,1724,28.116514791205073,Moderate — investigate
8_45,Cat_E,Medium,0.2667281622819573,629303.9135569145,0.0036533822987434663,9187837.137930952,1707,28.319591189928342,Moderate — investigate
9_28,Cat_C,Medium,0.26996524478001954,628438.5629559638,0.00364835856299415,9175203.01915707,1724,26.91053837896036,Moderate — investigate
2_10,Cat_A,Medium,0.2649090757179921,622631.8516768981,0.003614648084251141,9090425.034482712,1723,27.41416298953214,Moderate — investigate
3_18,Cat_B,Medium,0.26586528606372417,617661.3669763306,0.0035857922636690145,9017855.957854427,1724,28.048908283294278,Moderate — investigate
10_18,Cat_B,Medium,0.2627561626211265,616490.9460452414,0.0035789974622708292,9000767.812260525,1717,27.784783530076105,Moderate — investigate
4_15,Cat_B,Medium,0.26334921247160653,614463.0898021362,0.0035672248768103586,8971161.111111188,1736,27.349171410134144,Moderate — investigate
2_11,Cat_B,Medium,0.27055328630414766,611174.4685876266,0.0035481330035937227,8923147.241379349,1731,26.678437169213435,Moderate — investigate
10_45,Cat_E,Medium,0.2682653223768421,610638.0522752276,0.0035450188741274063,8915315.563218324,1721,27.03846328921448,Moderate — investigate
9_15,Cat_B,Medium,0.26423972900736004,608920.5852096752,0.0035350482325331102,8890240.544061258,1725,27.67797404388996,Moderate — investigate
3_25,Cat_C,Medium,0.26334707581314376,608185.7754684297,0.0035307823431213674,8879512.321839074,1716,27.392832058979366,Moderate — investigate
3_45,Cat_E,Medium,0.2663940496359699,607041.3840340074,0.00352413865424659,8862804.206896508,1720,27.444450214746023,Moderate — investigate
3_38,Cat_D,Medium,0.2695128083999578,605074.0282370236,0.0035127173001294576,8834080.812260544,1732,27.505805192335224,Moderate — investigate
8_10,Cat_A,Medium,0.26613234553487697,604498.2233768958,0.0035093745030512834,8825674.061302679,1728,27.047797037909426,Moderate — investigate
4_28,Cat_C,Medium,0.26765908551814566,601806.7477562637,0.00349374931913285,8786378.51724145,1720,27.810609564170676,Moderate — investigate
9_13,Cat_B,Medium,0.2669558159510393,592868.5144071805,0.0034418589958786854,8655880.310344836,1720,27.15585857570093,Moderate — investigate
3_8,Cat_A,Medium,0.26956660401770255,591039.7866477682,0.0034312424376759954,8629180.885057416,1722,26.973481242178956,Moderate — investigate
3_36,Cat_D,Medium,0.2704408488054039,589068.1703668704,0.0034197963496009442,8600395.287356308,1721,27.11192115869177,Moderate — investigate
4_18,Cat_B,Medium,0.2670835616456821,588643.8970240882,0.003417333258736646,8594200.896551687,1721,27.309205381317362,Moderate — investigate
10_38,Cat_D,Medium,0.2655346703333062,587428.8999107805,0.003410279673257265,8576461.938697396,1731,27.72090879060081,Moderate — investigate
9_18,Cat_B,Medium,0.2717489724381245,586138.8009762177,0.0034027900891157657,8557626.494252779,1723,27.42436440046426,Moderate — investigate
3_22,Cat_C,Medium,0.26666252997760514,584922.7063979431,0.003395730132376017,8539871.513409968,1722,28.26438741705327,Moderate — investigate
2_12,Cat_B,Medium,0.2694879932382932,582899.2009132449,0.0033839828049560703,8510328.333333375,1723,27.724708239805018,Moderate — investigate
10_22,Cat_C,Medium,0.266384330319095,581821.488741935,0.0033777262181385027,8494593.73563225,1720,28.052158999386833,Moderate — investigate
2_29,Cat_C,Medium,0.2635946935278712,580025.2188631708,0.0033672980920177687,8468368.195402294,1720,27.74107610669992,Moderate — investigate
9_45,Cat_E,Medium,0.2732633404091776,579801.5703563705,0.003365999715385616,8465102.927203009,1729,26.774020552892654,Moderate — investigate
8_33,Cat_D,Medium,0.2710191500448974,578720.1309505107,0.003359721490354087,8449313.911877457,1718,26.900494600031156,Moderate — investigate
8_29,Cat_C,Medium,0.27332801630146464,578560.5799611632,0.0033587952276252658,8446984.467432983,1727,26.85466236214462,Moderate — investigate
9_22,Cat_C,Medium,0.26871076994507676,577892.7494357842,0.0033549181816266323,8437234.141762448,1727,26.7938846109411,Moderate — investigate
2_35,Cat_D,Medium,0.2706482882153982,575425.2115152444,0.0033405930532329044,8401208.088122569,1719,26.845648569987713,Moderate — investigate
9_25,Cat_C,Medium,0.27130838090553056,574172.2972760173,0.003333319342383779,8382915.540229852,1728,26.995177638393724,Moderate — investigate
10_25,Cat_C,Medium,0.26664982812022925,574138.6899700855,0.003333124237389269,8382424.873563249,1722,28.348769930195672,Moderate — investigate
4_13,Cat_B,Medium,0.2671217387616304,573836.2202802707,0.003331368269586002,8378008.816091952,1715,27.888149272392877,Moderate — investigate
4_45,Cat_E,Medium,0.2695757670910361,571892.314858548,0.003320083055073331,8349627.7969348,1727,26.978464501878605,Moderate — investigate
9_38,Cat_D,Medium,0.2729117084533502,571084.6100351618,0.003315393978077623,8337835.306513362,1731,26.985220419367202,Moderate — investigate
10_8,Cat_A,Medium,0.27075583910132156,568823.0105495185,0.003302264411663526,8304815.95402297,1727,27.467349045791288,Moderate — investigate
3_10,Cat_A,Medium,0.26902264345069415,568151.9204324808,0.0032983684423208443,8295018.03831422,1726,26.7866384575775,Moderate — investigate
2_33,Cat_D,Medium,0.26935269769859604,566641.6320264509,0.0032896005627483173,8272967.827586183,1714,28.36311136872261,Moderate — investigate
2_50,Cat_E,Medium,0.2703521394431561,566166.1145226447,0.00328683997729235,8266025.272030612,1724,27.178461175314105,Moderate — investigate
4_38,Cat_D,Medium,0.269008312334053,563773.5771269613,0.00327295025949119,8231094.226053635,1721,27.260981163425246,Moderate — investigate
8_11,Cat_B,Medium,0.2677636950843864,559114.401931456,0.0032459017256757966,8163070.268199259,1733,27.65175672068139,Moderate — investigate
4_36,Cat_D,Medium,0.26964821540070316,554914.77090222,0.0032215210451604875,8101755.655172412,1728,26.664201912705234,Moderate — investigate
8_12,Cat_B,Medium,0.2668721536685163,553167.2812680386,0.0032113761095272867,8076242.306513363,1711,27.97709805946174,Moderate — investigate
10_36,Cat_D,Medium,0.2685609636449891,553068.6335485185,0.003210803416708218,8074802.04980837,1722,28.208186455977685,Moderate — investigate
2_24,Cat_C,Medium,0.26604057730306446,550359.4919435267,0.003195075674084587,8035248.582375489,1733,27.821947501478963,Moderate — investigate
4_8,Cat_A,Medium,0.2720840156549807,550057.4573557983,0.003193322232237741,8030838.877394656,1735,26.788366126161087,Moderate — investigate
10_10,Cat_A,Medium,0.2681053517540852,543946.360415682,0.003157844662647023,7941616.862068957,1718,27.437055850894748,Moderate — investigate
9_8,Cat_A,Medium,0.2729168167700085,543724.4481184076,0.00315655636546458,7938376.942528752,1728,27.171401119378395,Moderate — investigate
1_15,Cat_B,Medium,0.27266066429923763,538603.0530625083,0.0031268244447836156,7863604.574712622,1729,26.945021462354642,Moderate — investigate
4_25,Cat_C,Medium,0.2663239526039279,537383.725397576,0.003119745718572851,7845802.39080461,1714,28.441959628931656,Moderate — investigate
4_22,Cat_C,Medium,0.26399415086478367,532785.2952290989,0.0030930498359990925,7778665.310344844,1723,28.520497496539473,Moderate — investigate
9_10,Cat_A,Medium,0.27154143270051684,530045.7820290758,0.0030771457730868357,7738668.417624507,1730,26.585771006306224,Moderate — investigate
10_33,Cat_D,Medium,0.2739784555262969,529937.3901747784,0.0030765165113370084,7737085.8965517655,1714,26.963838318549822,Moderate — investigate
3_29,Cat_C,Medium,0.26992675198693267,527079.2715057973,0.003059923892209717,7695357.363984641,1727,27.41634474674656,Moderate — investigate
10_12,Cat_B,Medium,0.2758628643482702,526820.4870624077,0.003058421536218752,7691579.111111152,1731,26.97311072110867,Moderate — investigate
10_11,Cat_B,Medium,0.2738998732835934,526072.5788589693,0.0030540796045500245,7680659.651340952,1742,27.04609106123304,Moderate — investigate
3_24,Cat_C,Medium,0.2708608825826678,523771.04078098387,0.0030407181772764036,7647057.195402364,1732,26.281817026000667,Moderate — investigate
3_11,Cat_B,Medium,0.2696047984318877,523405.6148638002,0.003038596721253994,7641721.977011482,1729,27.45808690595707,Moderate — investigate
8_50,Cat_E,Medium,0.26887244165672475,522393.1994961382,0.00303271921071654,7626940.712643617,1719,27.985353819729287,Moderate — investigate
3_33,Cat_D,Medium,0.26749957856978734,521829.83965779503,0.0030294486623902266,7618715.659003807,1726,27.47772543356954,Moderate — investigate
8_24,Cat_C,Medium,0.27191391652626684,519567.03589985793,0.0030163121046528816,7585678.7241379265,1724,28.15210875572595,Moderate — investigate
8_35,Cat_D,Medium,0.26950269276714145,517507.81346769416,0.003004357424853862,7555614.076628335,1729,28.14166065013505,Moderate — investigate
9_36,Cat_D,Medium,0.2686579265888071,514899.74675904267,0.002989216465863993,7517536.3026820235,1714,28.4333017302952,Moderate — investigate
1_28,Cat_C,Medium,0.26971046789045816,514243.3658741435,0.0029854058899968093,7507953.141762495,1733,27.91553678662598,Moderate — investigate
9_29,Cat_C,Medium,0.2774503948983015,513829.53235710657,0.0029830034068512273,7501911.172413755,1739,26.11856755733522,Moderate — investigate
3_12,Cat_B,Medium,0.2694038554451425,512541.88133102417,0.0029755280338807032,7483111.467432953,1723,27.861790553000613,Moderate — investigate
1_13,Cat_B,Medium,0.26752917317154795,508282.0820868127,0.002950798050768028,7420918.398467465,1722,27.230283677806852,Moderate — investigate
2_14,Cat_B,Medium,0.2664175563343917,506337.99086758314,0.0029395117576202045,7392534.6666667145,1727,27.079456828034676,Moderate — investigate
1_18,Cat_B,Medium,0.2757607362274318,505753.16721776244,0.002936116602554244,7383996.241379331,1731,27.38423700690661,Moderate — investigate
10_35,Cat_D,Medium,0.27522991834324684,505079.3911719979,0.0029322050402297694,7374159.111111169,1726,26.643125149065938,Moderate — investigate
4_10,Cat_A,Medium,0.2699660491424991,504656.6154936197,0.002929750643957234,7367986.586206847,1723,27.62769244899554,Moderate — investigate
9_33,Cat_D,Medium,0.27300863366890027,499181.86033695645,0.0028979673145540247,7288055.160919564,1725,26.752428996244976,Moderate — investigate
10_29,Cat_C,Medium,0.26526039266620205,497418.01474833756,0.0028877274255078014,7262303.015325729,1715,28.306527495917628,Moderate — investigate
1_25,Cat_C,Medium,0.27220878827531436,488734.0804597687,0.002837313418650621,7135517.574712623,1728,27.07559261157395,Moderate — investigate
9_12,Cat_B,Medium,0.27315191099687613,488691.3698630151,0.002837065465102602,7134894.0000000205,1718,27.299939474352964,Moderate — investigate
2_46,Cat_E,Medium,0.27344716693189713,488558.67317483114,0.002836295103245208,7132956.628352535,1728,27.813399217497494,Moderate — investigate
8_2,Cat_A,Medium,0.27243047444687996,488070.9289875578,0.0028334635365860595,7125835.563218344,1727,26.777816451424197,Moderate — investigate
2_2,Cat_A,Medium,0.26995754458465343,487966.351230773,0.002832856417327385,7124308.727969286,1717,27.887094001812194,Moderate — investigate
4_29,Cat_C,Medium,0.27670665227861063,487212.6098252247,0.0028284806213891454,7113304.10344828,1723,27.299922152999077,Moderate — investigate
2_6,Cat_A,Medium,0.2711208129270596,485845.0503857622,0.0028205413454034417,7093337.735632128,1713,27.879624044111402,Moderate — investigate
2_7,Cat_A,Medium,0.27253859594750884,485213.0609352876,0.002816872372397528,7084110.689655199,1719,27.929378693490257,Moderate — investigate
2_31,Cat_D,Medium,0.27074568452615994,484972.98378208565,0.0028154786203439556,7080605.56321845,1732,27.986728796931445,Moderate — investigate
1_22,Cat_C,Medium,0.2721572139474499,484796.0780454495,0.002814451605776194,7078022.739463563,1722,27.279037293151678,Moderate — investigate
10_50,Cat_E,Medium,0.26929105579525564,484022.35002362024,0.0028099597788574385,7066726.310344856,1716,27.686711729546463,Moderate — investigate
1_38,Cat_D,Medium,0.27197901660085905,483515.6172256348,0.0028070179750731765,7059328.011494269,1723,27.4911150817382,Moderate — investigate
4_11,Cat_B,Medium,0.27689464733930674,482183.3233611527,0.0027992834310534005,7039876.52107283,1734,27.540915684967658,Moderate — investigate
3_50,Cat_E,Medium,0.2656126097704944,481808.5073216823,0.002797107461296361,7034404.206896561,1718,28.05417949637343,Moderate — investigate
9_11,Cat_B,Medium,0.2683174362494287,481032.73421508214,0.0027926037617730655,7023077.919540199,1734,27.529881681895947,Moderate — investigate
10_24,Cat_C,Medium,0.27366667282846835,474612.68172991497,0.0027553325711749594,6929345.153256758,1728,28.184487112325602,Moderate — investigate
1_36,Cat_D,Medium,0.2765929407489856,472729.49010654254,0.0027443998266078965,6901850.5555555215,1721,26.758171938475243,Moderate — investigate
4_12,Cat_B,Medium,0.2719822386096011,472546.18721461087,0.002743335673777658,6899174.333333318,1731,27.902727534743203,Moderate — investigate
4_35,Cat_D,Medium,0.27767718648715783,470847.66887104575,0.002733475037737119,6874375.9655172685,1720,26.749299257273773,Moderate — investigate
8_46,Cat_E,Medium,0.27193224727185805,468937.5649503994,0.002722386055606041,6846488.448275831,1731,27.747438949890498,Moderate — investigate
8_14,Cat_B,Medium,0.27217474137276204,468256.8955020235,0.00271843447408808,6836550.6743295435,1733,27.65523174987882,Moderate — investigate
4_33,Cat_D,Medium,0.2662574388450913,466087.8184537904,0.0027058420405723957,6804882.14942534,1722,28.318163973483575,Moderate — investigate
8_6,Cat_A,Medium,0.27438647077638045,465717.8853723819,0.0027036944185058194,6799481.126436776,1723,27.89072626420339,Moderate — investigate
3_35,Cat_D,Medium,0.26638589810336427,465164.61449639994,0.002700482440984024,6791403.371647439,1715,28.73839563365452,Moderate — investigate
4_24,Cat_C,Medium,0.2724915355420912,464592.2820553194,0.0026971598028052435,6783047.318007664,1722,27.073444262039686,Moderate — investigate
8_31,Cat_D,Medium,0.2718325022748691,462460.3099249466,0.00268478277943907,6751920.52490422,1719,28.05958601918334,Moderate — investigate
8_7,Cat_A,Medium,0.2694771653839804,461761.3249881925,0.0026807248685632385,6741715.34482761,1740,27.994929777258342,Moderate — investigate
1_8,Cat_A,Medium,0.269921134760705,461640.9838345634,0.002680026235945504,6739958.363984625,1725,27.31728273852283,Moderate — investigate
1_45,Cat_E,Medium,0.27131669727055185,459428.9875610114,0.002667184637702447,6707663.2183907665,1720,28.43451721765925,Moderate — investigate
3_14,Cat_B,Medium,0.27486115327441196,451486.28011336457,0.0026210737743052716,6591699.689655123,1729,26.95874761298531,Moderate — investigate
1_10,Cat_A,Medium,0.2755360247261086,450945.7080249863,0.0026179355187560356,6583807.337164801,1733,26.81733338741249,Moderate — investigate
3_7,Cat_A,Medium,0.2749510463561851,450099.64808691596,0.0026130237736757427,6571454.862068973,1723,26.96676220689524,Moderate — investigate
4_50,Cat_E,Medium,0.2733554329023251,449096.63622526446,0.0026072008545712424,6556810.888888861,1714,27.761038232002843,Moderate — investigate
9_35,Cat_D,Medium,0.2706052242379681,447382.166587936,0.002597247614348492,6531779.632183866,1729,28.03328058154337,Moderate — investigate
8_9,Cat_A,Medium,0.2774390019788501,444655.9436834122,0.002581420707368808,6491976.777777818,1730,26.08618292773367,Moderate — investigate
3_6,Cat_A,Medium,0.27625901202979347,444542.3169579631,0.0025807610549203218,6490317.827586261,1717,27.368147063356556,Moderate — investigate
9_50,Cat_E,Medium,0.2728444713183985,443342.0351125776,0.002573792897956782,6472793.712643633,1717,28.17286134363161,Moderate — investigate
5_28,Cat_C,Medium,0.2706858404202159,441778.25066918257,0.0025647144506732453,6449962.459770066,1719,27.489010769759716,Moderate — investigate
9_24,Cat_C,Medium,0.26954406714004914,440426.5160342207,0.0025568670445446934,6430227.134099622,1721,28.364902201311125,Moderate — investigate
6_28,Cat_C,Medium,0.27305191921882793,439547.9320841889,0.0025517664834614736,6417399.808429157,1722,27.42780220000058,Moderate — investigate
2_48,Cat_E,Medium,0.2735831170312216,437598.6309242664,0.002540449944347123,6388940.011494289,1729,27.371746008384775,Moderate — investigate
2_9,Cat_A,Medium,0.27782554418755917,436780.5930824563,0.002535700879695547,6376996.659003862,1720,27.246221776055975,Moderate — investigate
10_2,Cat_A,Medium,0.269507589193564,436575.46081981825,0.002534509997895707,6374001.727969346,1722,27.283651470739038,Moderate — investigate
6_13,Cat_B,Medium,0.2791649379666298,436553.07379415084,0.0025343800314970672,6373674.877394602,1731,26.86061565525681,Moderate — investigate
10_14,Cat_B,Medium,0.27510245531254485,436148.6750118074,0.0025320323210804956,6367770.655172388,1725,27.47026224487776,Moderate — investigate
3_2,Cat_A,Medium,0.2765900973806031,436056.7745236996,0.0025314987988676726,6366428.908046015,1713,27.72249854373563,Moderate — investigate
10_6,Cat_A,Medium,0.2732346979683061,433744.28200283117,0.0025180737762995377,6332666.517241335,1723,27.42553189475113,Moderate — investigate
3_46,Cat_E,Medium,0.27336909364893003,433723.2469952256,0.0025179516589524426,6332359.406130293,1734,27.786864766987826,Moderate — investigate
8_48,Cat_E,Medium,0.27949450213751725,432950.01102188305,0.002513462688588673,6321070.160919492,1731,26.49732653669915,Moderate — investigate
3_31,Cat_D,Medium,0.27514867776089064,432716.915446387,0.002512109467623274,6317666.965517251,1715,27.95401962123272,Moderate — investigate
6_18,Cat_B,Medium,0.2773923738220243,429913.81803390733,0.0024958362707659327,6276741.743295047,1721,26.99392322807887,Moderate — investigate
6_15,Cat_B,Medium,0.27303366995781736,427948.44276491925,0.002484426414473247,6248047.264367821,1713,28.104203820336107,Moderate — investigate
10_7,Cat_A,Medium,0.27413279931374884,426073.5451110084,0.002473541819997999,6220673.758620722,1713,27.914935296197864,Moderate — investigate
1_29,Cat_C,Medium,0.2738633264779384,425381.95717210247,0.0024695268519045344,6210576.574712696,1731,26.99170284945456,Moderate — investigate
5_15,Cat_B,Medium,0.2738585671042773,422631.59423713107,0.002453559801572762,6170421.275862114,1728,28.45074918030056,Moderate — investigate
8_43,Cat_E,Medium,0.2740696221094789,421757.2153991477,0.0024484836529897525,6157655.344827557,1724,27.155127418273537,Moderate — investigate
5_13,Cat_B,Medium,0.27353546913249066,420577.753897026,0.002441636367153652,6140435.20689658,1723,27.706861068872104,Moderate — investigate
1_12,Cat_B,Medium,0.27891506997455595,420344.59140293166,0.0024402827576967515,6137031.034482802,1723,27.311931828468136,Moderate — investigate
5_25,Cat_C,Medium,0.28171823725341655,419990.4078097915,0.0024382265682439163,6131859.954022956,1719,26.64291910401913,Moderate — investigate
6_45,Cat_E,Medium,0.28110938908890915,419731.7879074139,0.0024367251674849272,6128084.103448243,1718,26.64232132524216,Moderate — investigate
2_43,Cat_E,Medium,0.27067224308531473,419161.2522962277,0.002433412960683401,6119754.283524925,1737,28.22544940075532,Moderate — investigate
2_26,Cat_C,Medium,0.2787546182680192,419013.1695795906,0.002432553276254213,6117592.275862022,1723,26.6337430957327,Moderate — investigate
10_46,Cat_E,Medium,0.27427611413688335,415298.5629559688,0.0024109883728852975,6063359.019157144,1716,28.550199981871057,Moderate — investigate
5_18,Cat_B,Medium,0.2717142725009995,414484.5341940873,0.0024062625826824103,6051474.199233674,1724,27.900501315170004,Moderate — investigate
7_15,Cat_B,Medium,0.276312343951468,414382.1335222778,0.0024056681023467428,6049979.149425256,1714,26.91200364105054,Moderate — investigate
5_45,Cat_E,Medium,0.27813803629669875,412546.7629769578,0.002395012979889283,6023182.739463584,1733,27.086377926829606,Moderate — investigate
6_25,Cat_C,Medium,0.2775063226108707,412344.4391959247,0.0023938384025438742,6020228.8122605,1725,27.072482769582045,Moderate — investigate
9_6,Cat_A,Medium,0.28030522558358256,411442.3177452402,0.0023886011960554876,6007057.839080507,1726,27.14190129444355,Moderate — investigate
1_11,Cat_B,Medium,0.27255571009749885,410864.81236550695,0.0023852485267230796,5998626.2605364015,1725,27.810814379381384,Moderate — investigate
9_14,Cat_B,Medium,0.2780313410476605,410006.87030913995,0.0023802678007899406,5986100.306513444,1724,27.239761656393313,Moderate — investigate
9_46,Cat_E,Medium,0.276653737963886,409431.7438198725,0.002376928941948984,5977703.459770138,1721,27.462351476650316,Moderate — investigate
2_20,Cat_B,Medium,0.27839724630747115,409279.47016217775,0.0023760449272883367,5975480.264367796,1714,27.12516488179963,Moderate — investigate
4_14,Cat_B,Medium,0.27555665437858523,408894.9800556312,0.0023738127953739497,5969866.708812215,1722,27.398246325855826,Moderate — investigate
10_31,Cat_D,Medium,0.2725702818839308,408569.52684616926,0.0023719233982656476,5965115.091954071,1702,28.912227559448944,Moderate — investigate
1_33,Cat_D,Medium,0.2737302782536607,404129.58694168687,0.0023461476204497457,5900291.969348629,1725,28.003670394710607,Moderate — investigate
4_31,Cat_D,Medium,0.27118215254593736,403892.38177714415,0.0023447705415366132,5896828.773946305,1729,27.49356414451146,Moderate — investigate
4_46,Cat_E,Medium,0.2779649938695521,403175.76077258255,0.0023406102456341527,5886366.107279705,1725,27.580166635847153,Moderate — investigate
5_38,Cat_D,Medium,0.2732795434357726,402606.0510155852,0.0023373028332745642,5878048.344827543,1720,27.58667357374409,Moderate — investigate
9_7,Cat_A,Medium,0.27596994270530123,400037.95229097607,0.0023223939057757936,5840554.10344825,1720,27.8967975624828,Moderate — investigate
7_28,Cat_C,Medium,0.27926411987549266,399424.61265942024,0.002318833203061617,5831599.344827536,1722,27.694385415314414,Moderate — investigate
6_22,Cat_C,Medium,0.2765016666226081,398812.63633023837,0.0023152804149093142,5822664.4904214805,1727,27.691326546597992,Moderate — investigate
1_35,Cat_D,Medium,0.27704410985343425,398287.6158610213,0.002312232443257788,5814999.19157091,1731,27.14820523730585,Moderate — investigate
9_31,Cat_D,Medium,0.27282068495947065,397927.7735789646,0.0023101434026602577,5809745.494252883,1732,27.923877278450085,Moderate — investigate
10_43,Cat_E,Medium,0.2766982230803075,396937.80349551473,0.0023043961967375757,5795291.931034515,1730,26.657220742203123,Moderate — investigate
8_26,Cat_C,Medium,0.28095027751503676,396087.61979740835,0.0022994605114408065,5782879.249042162,1731,26.951138103258288,Moderate — investigate
5_8,Cat_A,Medium,0.2830614645123942,396042.41379310156,0.0022991980709690827,5782219.241379282,1723,26.94429975349479,Moderate — investigate
4_2,Cat_A,Medium,0.2781036292530311,395970.999842542,0.0022987834819966687,5781176.597701113,1719,28.09545964754922,Moderate — investigate
6_38,Cat_D,Medium,0.27552162967435917,394821.5446386402,0.0022921103957426873,5764394.551724147,1723,28.02603428279814,Moderate — investigate
1_50,Cat_E,Medium,0.2760243440573859,392630.8148323073,0.0022793922585702215,5732409.896551686,1721,27.41696218527516,Moderate — investigate
9_2,Cat_A,Medium,0.2736289695355417,391670.60935285565,0.0022738178490898206,5718390.896551693,1730,28.353098895320173,Moderate — investigate
7_13,Cat_B,Medium,0.27562901164338627,391117.9058415965,0.0022706091653664435,5710321.425287309,1712,27.21193656413597,Moderate — investigate
4_6,Cat_A,Medium,0.2756882929896808,389868.47215661814,0.0022633556606450863,5692079.693486625,1709,28.30142447845866,Moderate — investigate
5_36,Cat_D,Medium,0.2784622393005134,387168.26877656876,0.0022476798082959057,5652656.724137903,1727,27.42050638308021,Moderate — investigate
6_36,Cat_D,Medium,0.2805600347482378,386917.9853566387,0.0022462268044350633,5649002.586206925,1728,27.557667680082965,Moderate — investigate
7_45,Cat_E,Medium,0.28393300738135285,384995.0023618342,0.002235063053689744,5620927.03448278,1728,26.55920577703876,Moderate — investigate
8_20,Cat_B,Medium,0.27409691182898044,384806.89209048584,0.002233970991935874,5618180.624521093,1722,27.37174515279878,Moderate — investigate
7_25,Cat_C,Medium,0.2792407587246432,383591.9154463861,0.002226917525289128,5600441.965517237,1729,26.80477608497587,Moderate — investigate
7_18,Cat_B,Medium,0.2755989814427348,382339.87849682494,0.002219648907487205,5582162.226053645,1722,27.770632659054492,Moderate — investigate
3_48,Cat_E,Medium,0.28060952689465296,381048.54458615714,0.0022121521537735093,5563308.750957894,1727,27.82384494805885,Moderate — investigate
5_22,Cat_C,Medium,0.27528191474448116,380950.08502597787,0.0022115805533010637,5561871.241379277,1726,28.83329888017226,Moderate — investigate
4_7,Cat_A,Medium,0.2778283829684571,380640.04356269364,0.0022097806280671067,5557344.636015327,1722,28.949800723898786,Moderate — investigate
1_24,Cat_C,Medium,0.27738065981859744,380416.12108329165,0.0022084806609051133,5554075.367816058,1712,28.385037691017036,Moderate — investigate
5_10,Cat_A,Medium,0.28034134021726015,379159.00645568006,0.0022011825649786965,5535721.4942529285,1730,26.72130446220593,Moderate — investigate
3_43,Cat_E,Medium,0.2741458077139964,377670.25114155095,0.0021925396943487372,5513985.666666644,1721,27.83635836352481,Moderate — investigate
10_48,Cat_E,Medium,0.2749903502149684,374830.8502597994,0.002176055740098722,5472530.413793071,1724,27.862065586740353,Moderate — investigate
2_32,Cat_D,Medium,0.27973103899929513,373994.992914498,0.0021712032254967728,5460326.8965516705,1736,27.482280114591063,Moderate — investigate
6_8,Cat_A,Medium,0.28002446576307477,373490.7080249813,0.0021682756328834183,5452964.337164727,1727,28.151901737347472,Moderate — investigate
7_22,Cat_C,Medium,0.28293924319079156,372259.5977011512,0.002161128503224778,5434990.126436808,1725,27.328523378914294,Moderate — investigate
3_9,Cat_A,Medium,0.27048073581132653,371477.2579121387,0.0021565866812605283,5423567.965517225,1710,28.327541371737922,Moderate — investigate
6_10,Cat_A,Medium,0.2807838867396856,369478.4456516009,0.0021449827087222264,5394385.306513373,1723,27.302990896162104,Moderate — investigate
10_9,Cat_A,Medium,0.2785255984151914,364511.77609825355,0.0021161490367252603,5321871.931034502,1709,28.54338903085037,Moderate — investigate
3_20,Cat_B,Medium,0.2770517417505718,363996.196399521,0.0021131558728431313,5314344.4674330065,1736,27.089699910589285,Moderate — investigate
4_48,Cat_E,Medium,0.28422042172223894,363974.7121188256,0.002113031147270792,5314030.796934853,1722,26.91694847582507,Moderate — investigate
10_20,Cat_B,Medium,0.28002865849530933,363838.59261008597,0.002112240914454771,5312043.452107255,1715,26.726722004844646,Moderate — investigate
4_43,Cat_E,Medium,0.2811846381131744,363483.87261848187,0.0021101816109760875,5306864.540229836,1737,27.030776834730283,Moderate — investigate
9_43,Cat_E,Medium,0.2833059952187509,362450.2928672646,0.0021041812320080084,5291774.275862063,1716,27.16453486364242,Moderate — investigate
2_39,Cat_D,Medium,0.280774768064034,356348.995696219,0.0020687605543292646,5202695.337164797,1708,28.373637229071086,Moderate — investigate
3_26,Cat_C,Medium,0.28338071961110767,356068.80753686966,0.002067133940479211,5198604.590038297,1707,27.602645064117112,Moderate — investigate
5_29,Cat_C,Medium,0.28201291369381487,355012.3893875006,0.0020610009746993515,5183180.885057509,1714,27.080070045737834,Moderate — investigate
1_6,Cat_A,Medium,0.2794232076453394,354765.9665144627,0.0020595703829884666,5179583.111111156,1736,27.164596103430934,Moderate — investigate
1_31,Cat_D,Medium,0.2821073965222086,354735.10785703064,0.0020593912350912475,5179132.574712647,1734,27.167742480819868,Moderate — investigate
1_46,Cat_E,Medium,0.2825700041127962,354416.11714690615,0.002057539355595941,5174475.31034483,1732,27.11106624882926,Moderate — investigate
9_48,Cat_E,Medium,0.28171662200425823,354409.6677688526,0.002057501914157693,5174381.149425248,1726,27.57734206668652,Moderate — investigate
5_11,Cat_B,Medium,0.28577266253581074,354401.26121870783,0.0020574531104861583,5174258.4137931345,1722,27.176498628015537,Moderate — investigate
7_38,Cat_D,Medium,0.2726802017608794,353529.1137878565,0.0020523899161898483,5161525.061302705,1726,28.383320962722173,Moderate — investigate
1_2,Cat_A,Medium,0.28233439651290226,353341.06282475364,0.0020512981987460804,5158779.517241403,1737,27.284046975148744,Moderate — investigate
6_33,Cat_D,Medium,0.2812499274959025,353291.3155408629,0.0020510093941757263,5158053.206896598,1734,27.102714212451765,Moderate — investigate
8_39,Cat_D,Medium,0.28110757072018194,352837.61218705575,0.00204837544932655,5151429.137931014,1737,27.564600207968006,Moderate — investigate
6_11,Cat_B,Medium,0.28253616286106276,352510.3862908712,0.002046475761002583,5146651.639846719,1723,27.31796304470157,Moderate — investigate
1_14,Cat_B,Medium,0.27789765253968535,351983.8718312093,0.002043419116088222,5138964.528735655,1729,27.38468321965143,Moderate — investigate
5_33,Cat_D,Medium,0.28579587777391574,349954.26783183415,0.002031636384144182,5109332.310344779,1703,27.571676069181425,Moderate — investigate
9_9,Cat_A,Medium,0.2801505188121347,347519.1019786943,0.0020174991896492666,5073778.888888937,1715,28.073551492390866,Moderate — investigate
7_8,Cat_A,Medium,0.27473718949347087,347016.6178554555,0.002014582051265581,5066442.62068965,1719,27.951124648630056,Moderate — investigate
8_32,Cat_D,Medium,0.28194830493288037,345313.8403401064,0.002004696688884608,5041582.068965553,1713,28.194199981669644,Moderate — investigate
5_12,Cat_B,Medium,0.2798427903893687,345151.908623314,0.0020037566049998746,5039217.865900384,1719,27.79337292286323,Moderate — investigate
4_26,Cat_C,Medium,0.28708855571638553,344098.8870519097,0.0019976433578290137,5023843.750957881,1729,26.524928254659553,Moderate — investigate
5_50,Cat_E,Medium,0.2839951181991144,342370.087125386,0.00198760692405899,4998603.272030636,1721,26.821055090709343,Moderate — investigate
7_36,Cat_D,Medium,0.28298177857127993,341904.11588726466,0.0019849017588178365,4991800.091954064,1737,28.18618811217623,Moderate — investigate
2_30,Cat_C,Medium,0.2863229511457078,340633.0766808371,0.0019775228246689527,4973242.919540222,1713,27.58590052300849,Moderate — investigate
4_9,Cat_A,Medium,0.2808295730779957,340163.00241431926,0.0019747938395674866,4966379.835249061,1726,28.508004498055705,Moderate — investigate
10_26,Cat_C,Medium,0.2776689208413311,339345.7542119359,0.00197004935911544,4954448.011494264,1704,28.486786422671145,Moderate — investigate
6_24,Cat_C,Medium,0.2845238531173774,338489.04109589336,0.0019650757677141715,4941940.000000043,1718,27.145931637339572,Moderate — investigate
3_32,Cat_D,Medium,0.28895582861204,338330.1096940133,0.0019641531019594627,4939619.601532594,1735,26.92547174481502,Moderate — investigate
3_39,Cat_D,Medium,0.28407915149588786,335142.2476775294,0.001945646179610877,4893076.81609193,1726,27.19981278104818,Moderate — investigate
9_39,Cat_D,Medium,0.2904984730121025,334658.97732640285,0.00194284058551194,4886021.068965482,1735,25.521932443781473,Moderate — investigate
2_21,Cat_C,Medium,0.2838909658927017,334606.8325198141,0.0019425378622819412,4885259.754789285,1739,27.896414193657304,Moderate — investigate
1_7,Cat_A,Medium,0.2855776153243791,333753.7091271718,0.0019375851107827381,4872804.153256708,1723,28.418168545693973,Moderate — investigate
7_11,Cat_B,Medium,0.2829716812885728,333487.82895082183,0.0019360415609828117,4868922.302681998,1730,26.527229669983683,Moderate — investigate
7_10,Cat_A,Medium,0.28066652127114866,332563.3031543583,0.0019306742875450213,4855424.226053631,1712,27.825544450824058,Moderate — investigate
5_35,Cat_D,Medium,0.2842774160233875,331936.4572508279,0.0019270351750611124,4846272.2758620875,1725,27.41817438442547,Moderate — investigate
2_19,Cat_B,Medium,0.2785158814819056,329944.4339474125,0.0019154706153649103,4817188.735632222,1712,28.28129217330126,Moderate — investigate
10_32,Cat_D,Medium,0.28491876240170144,329740.60043038154,0.0019142872733468983,4814212.766283571,1724,27.207040936551298,Moderate — investigate
8_19,Cat_B,Medium,0.28328380557516786,328314.549939644,0.0019060084314268984,4793392.429118802,1737,27.318751304928696,Moderate — investigate
2_3,Cat_A,Medium,0.2882663015412707,327676.90048811096,0.0019023065996587353,4784082.74712642,1749,26.254190357089193,Moderate — investigate
5_24,Cat_C,Medium,0.28489094363908035,326937.99795308016,0.0018980169498030396,4773294.77011497,1711,27.759620747429423,Moderate — investigate
6_12,Cat_B,Medium,0.2805526526477277,325740.609352857,0.0018910655893831637,4755812.896551712,1723,29.006330742643076,Moderate — investigate
8_30,Cat_C,Medium,0.2873089326237201,324090.07610349846,0.0018814835276371761,4731715.1111110775,1707,27.559312809652592,Moderate — investigate
9_20,Cat_B,Medium,0.2819477836206574,323164.6538602861,0.0018761110499370042,4718203.946360177,1731,27.892909858874365,Moderate — investigate
6_35,Cat_D,Medium,0.2830118522967308,323037.1012438954,0.0018753705516485917,4716341.678160873,1709,27.945260497846597,Moderate — investigate
6_29,Cat_C,Medium,0.27655896371882277,322812.5806959544,0.0018740671124392028,4713063.678160934,1701,29.44060699935039,Moderate — investigate
10_39,Cat_D,Medium,0.2839033961636422,322148.6083556391,0.0018702124648790875,4703369.681992331,1737,27.716613106200796,Moderate — investigate
4_20,Cat_B,Medium,0.2801465006034428,321704.6528105838,0.0018676351102896865,4696887.931034524,1719,28.054326325376636,Moderate — investigate
6_50,Cat_E,Medium,0.2799473797604259,319348.10161129537,0.0018539543079744718,4662482.283524913,1706,28.44491343253685,Moderate — investigate
4_39,Cat_D,Medium,0.2869523495392807,318123.83561643836,0.0018468469126155524,4644608.0,1732,26.530179000011376,Moderate — investigate
2_42,Cat_E,Medium,0.286372895135673,316240.65265312826,0.0018359142183239092,4617113.528735673,1720,27.212485494885257,Moderate — investigate
7_12,Cat_B,Medium,0.28778902606507745,315660.56683986913,0.0018325465684551287,4608644.275862089,1726,27.79105957649665,Moderate — investigate
7_29,Cat_C,Medium,0.2786872103879151,315651.6301894705,0.0018324946873215886,4608513.800766269,1722,27.774323163327757,Moderate — investigate
8_21,Cat_C,Medium,0.2811613725447517,314309.29512412765,0.0018247018497735306,4588915.708812264,1734,28.37138958983061,Moderate — investigate
3_30,Cat_C,Medium,0.28621504942561704,311801.95507268904,0.0018101456527381727,4552308.54406126,1733,26.852651550151567,Moderate — investigate
9_26,Cat_C,Medium,0.28015025507024777,309892.8289508193,0.0017990623471533,4524435.302681962,1718,28.934932555364735,Moderate — investigate
6_31,Cat_D,Medium,0.2868818757224376,309642.3571091162,0.0017976082494223012,4520778.413793097,1716,26.424432594949483,Moderate — investigate
7_33,Cat_D,Medium,0.2864192537209181,309033.4215084223,0.0017940731140183661,4511887.954022965,1717,28.16837473098277,Moderate — investigate
1_48,Cat_E,Medium,0.2882400252952949,308064.0292867244,0.0017884453715127247,4497734.827586176,1720,27.413637228375478,Moderate — investigate
3_21,Cat_C,Medium,0.2853836827618013,307521.6929092539,0.0017852968734997114,4489816.716475107,1726,27.17195174983209,Moderate — investigate
4_32,Cat_D,Medium,0.2909401324845544,307445.8982837368,0.001784856852808216,4488710.114942557,1731,27.217558050183097,Moderate — investigate
5_31,Cat_D,Medium,0.28566505894796546,305601.26410539,0.0017741479509411696,4461778.455938694,1727,26.712166620831315,Moderate — investigate
10_21,Cat_C,Medium,0.2920441674575247,305181.6241536744,0.0017717117589226296,4455651.712643646,1727,26.987731625361018,Moderate — investigate
5_46,Cat_E,Medium,0.2861995232352155,304295.7455518837,0.0017665688492205036,4442717.885057502,1722,26.811888021218596,Moderate — investigate
5_7,Cat_A,Medium,0.2886517604500726,304256.36435206997,0.0017663402242664816,4442142.919540222,1732,26.71734005015123,Moderate — investigate
7_35,Cat_D,Medium,0.2870305521906136,303851.8369810509,0.001763991767336848,4436236.819923343,1724,27.469369103976895,Moderate — investigate
6_2,Cat_A,Medium,0.2807290729691959,302526.655119929,0.001756298511582765,4416889.164750963,1737,26.82802595000726,Moderate — investigate
9_32,Cat_D,Medium,0.2870442799497138,302175.48181388853,0.0017542597981528294,4411762.034482772,1722,27.768194328196667,Moderate — investigate
6_14,Cat_B,Medium,0.2864826467934195,301064.2442135101,0.0017478085816714725,4395537.965517247,1731,26.981238303045146,Moderate — investigate
5_2,Cat_A,Medium,0.2842229737119094,301051.0069280458,0.0017477317334851563,4395344.701149469,1714,26.935664980555853,Moderate — investigate
1_43,Cat_E,Medium,0.28858891606456505,299705.76995748695,0.0017399220491180645,4375704.241379309,1720,27.883655459252317,Moderate — investigate
1_26,Cat_C,Medium,0.29718049577864825,299403.32309872424,0.0017381662138589624,4371288.517241374,1734,26.42469719895434,Moderate — investigate
7_24,Cat_C,Medium,0.2805081842984312,298130.9258384474,0.0017307793956181686,4352711.517241333,1726,27.7315215309343,Moderate — investigate
1_9,Cat_A,Medium,0.2848621846195034,298077.7893245177,0.0017304709150967137,4351935.724137959,1707,28.150643987161097,Moderate — investigate
10_30,Cat_C,Medium,0.28764417468722087,297390.547157927,0.0017264811760973463,4341901.988505734,1716,27.712217850895904,Moderate — investigate
8_3,Cat_A,Medium,0.28374957514462273,296057.0616175909,0.001718739713882121,4322433.099616827,1728,27.566240677466425,Moderate — investigate
6_7,Cat_A,Medium,0.28720963285085876,294600.5778617523,0.0017102841936519786,4301168.436781583,1713,27.478800594586566,Moderate — investigate
7_50,Cat_E,Medium,0.2910067302235885,294174.2342413252,0.001707809083927574,4294943.819923348,1720,28.088922804838088,Moderate — investigate
3_19,Cat_B,Medium,0.287450171026053,293238.17194142664,0.0017023748360811856,4281277.310344829,1700,28.20968180363745,Moderate — investigate
9_19,Cat_B,Medium,0.28640253779165603,292793.8584474882,0.0016997954034431895,4274790.333333328,1723,26.590003592598602,Moderate — investigate
10_19,Cat_B,Medium,0.2848291092641727,291597.7633443549,0.0016928515523352212,4257327.344827582,1714,28.075665564379115,Moderate — investigate
6_6,Cat_A,Medium,0.2877995639797977,287831.0407809808,0.001670984093320819,4202333.19540232,1729,27.913424924471045,Moderate — investigate
5_6,Cat_A,Medium,0.2915531612507826,286698.7576759584,0.001664410698552504,4185801.8620689926,1720,28.04660478567521,Moderate — investigate
5_14,Cat_B,Medium,0.28940697639507124,285879.9690337494,0.0016596572751788104,4173847.5478927414,1724,28.26048859770147,Moderate — investigate
1_20,Cat_B,Medium,0.2840153274264453,284554.9976381663,0.0016519652412685095,4154502.965517228,1729,27.33686280255844,Moderate — investigate
3_42,Cat_E,Medium,0.294894819457405,284545.6072534515,0.0016519107260103705,4154365.8659003917,1733,26.787640073635018,Moderate — investigate
6_46,Cat_E,Medium,0.29033864217798455,283287.55156667926,0.0016446071668271627,4135998.252873517,1725,28.28247110680572,Moderate — investigate
9_30,Cat_C,Medium,0.2911319896651093,281265.62352385785,0.0016328689971418272,4106478.103448325,1725,27.43376030102312,Moderate — investigate
10_3,Cat_A,Medium,0.29721780636064343,280632.0138560853,0.0016291906180714202,4097227.402298845,1725,26.751440287523444,Moderate — investigate
7_31,Cat_D,Medium,0.29502669829431527,280596.14417676924,0.0016289823790176787,4096703.7049808307,1735,26.687709317060513,Moderate — investigate
9_21,Cat_C,Medium,0.2881190530149525,278992.88143599394,0.0016196747430866118,4073296.068965512,1714,27.64306871021949,Moderate — investigate
4_19,Cat_B,Medium,0.2916178755307069,278878.93455098674,0.0016190132319729602,4071632.4444444063,1734,27.54407997002665,Moderate — investigate
7_46,Cat_E,Medium,0.29641592977517267,278208.4073374264,0.0016151205305292315,4061842.7471264247,1733,26.77030921204191,Moderate — investigate
8_42,Cat_E,Medium,0.28580327901179403,277593.8172466298,0.0016115525683565374,4052869.7318007946,1723,29.043451381548753,Moderate — investigate
7_7,Cat_A,Medium,0.2892900685654515,276866.51524694153,0.0016073302646424487,4042251.122605346,1737,26.799313434019517,Moderate — investigate
7_6,Cat_A,Medium,0.2941544784060316,276815.73452999577,0.0016070354605447615,4041509.724137938,1722,26.823585323447173,Moderate — investigate
4_30,Cat_C,Medium,0.28645032637820694,272078.02708235127,0.001579531012927364,3972339.1954023284,1708,28.155694836203654,Moderate — investigate
1_39,Cat_D,Medium,0.29685025149136635,270971.7241379312,0.0015731084442651931,3956187.1724137953,1724,26.740121919205997,Moderate — investigate
4_21,Cat_C,Medium,0.28693250432088035,270527.77856505616,0.0015705311475686257,3949705.56704982,1705,28.19686123690088,Moderate — investigate
3_3,Cat_A,Medium,0.28511970317194274,270080.814832309,0.0015679363291442986,3943179.8965517115,1723,27.916979400987824,Moderate — investigate
2_17,Cat_B,Medium,0.2883857645341891,269727.1988663193,0.0015658834350133883,3938017.103448262,1725,28.366633387184343,Moderate — investigate
10_42,Cat_E,Medium,0.2968676445708341,268108.46953235904,0.001556486008797299,3914383.655172442,1710,27.811463786839266,Moderate — investigate
1_32,Cat_D,Medium,0.28776889468051453,263945.0677058733,0.001532315654525279,3853597.9885057495,1730,27.382285534783602,Moderate — investigate
6_43,Cat_E,Medium,0.2912304533692307,263884.8157770417,0.001531965865932651,3852718.3103448087,1734,26.942175725434566,Moderate — investigate
1_30,Cat_C,Medium,0.30117244440231367,262650.82506691734,0.0015248020143816554,3834702.0459769927,1727,25.529435627817033,High risk — review ordering policy
6_48,Cat_E,Medium,0.292261024200245,262268.0703826163,0.0015225799573464738,3829113.8275861978,1733,27.080709239651252,Moderate — investigate
6_9,Cat_A,Medium,0.290667243507415,260030.98252243717,0.0015095926915547869,3796452.3448275826,1716,27.505275648737623,Moderate — investigate
1_19,Cat_B,Medium,0.3026597963701455,259343.8537238214,0.001505603610705709,3786420.2643677928,1733,25.98301131122348,High risk — review ordering policy
7_2,Cat_A,Medium,0.28687252599971785,258102.0792001249,0.001498394570739214,3768290.3563218233,1714,28.381868269244528,Moderate — investigate
5_48,Cat_E,Medium,0.2918032312522045,257600.216238915,0.0014954810384706539,3760963.1570881587,1734,27.586610481663474,Moderate — investigate
2_37,Cat_D,Medium,0.29421654964857036,252911.83619377398,0.001468262957829954,3692512.8084291,1725,26.912223248611205,Moderate — investigate
5_43,Cat_E,Medium,0.2904656905824326,251917.3912244797,0.0014624897732531102,3677993.911877404,1726,28.026105386958502,Moderate — investigate
5_9,Cat_A,Medium,0.29452257400237747,251655.86915446402,0.0014609715241516135,3674175.6896551745,1723,27.879700485642573,Moderate — investigate
7_14,Cat_B,Medium,0.28462672986697723,251450.4109589041,0.0014597787501697266,3671176.0,1731,29.1000860364025,Moderate — investigate
3_17,Cat_B,Medium,0.2917410466405693,250436.08801763644,0.0014538901653397174,3656366.885057492,1730,27.35564399704252,Moderate — investigate
4_3,Cat_A,Medium,0.29510789222534034,250073.62305148927,0.001451785898922952,3651074.896551743,1708,27.86764263923937,Moderate — investigate
2_40,Cat_D,Medium,0.29472721226877363,248429.67249252144,0.0014422420525511794,3627073.2183908126,1727,27.426206782049356,Moderate — investigate
10_17,Cat_B,Medium,0.29682127360014593,247842.481761402,0.0014388331555511072,3618500.2337164693,1727,27.215786801203315,Moderate — investigate
4_42,Cat_E,Medium,0.28870047314393626,247691.2265784924,0.0014379550535785453,3616291.908045989,1721,28.063286994188974,Moderate — investigate
2_23,Cat_C,Medium,0.2951668278907999,247395.0015745568,0.0014362353388866302,3611967.022988529,1733,27.502760712025818,Moderate — investigate
9_42,Cat_E,Medium,0.29556607662744905,245152.23193197954,0.0014232150878825658,3579222.586206901,1713,28.368467636626328,Moderate — investigate
8_37,Cat_D,Medium,0.30327958482362527,245024.75804335435,0.0014224750466429953,3577361.4674329734,1734,26.803258876624263,High risk — review ordering policy
6_26,Cat_C,Medium,0.2889927285655294,244150.97543694123,0.00141740235944298,3564604.241379342,1735,26.96180593157953,Moderate — investigate
7_43,Cat_E,Medium,0.29814870152178935,243447.05505694734,0.0014133157961774526,3554327.0038314313,1727,26.59082729528287,Moderate — investigate
6_20,Cat_B,Medium,0.2922242717892481,243171.79499291326,0.0014117177920592052,3550308.2068965333,1748,27.048946147827134,Moderate — investigate
8_49,Cat_E,Medium,0.2990497981063143,242872.84915761527,0.0014099822817605521,3545943.597701183,1722,27.026465942469432,Moderate — investigate
2_49,Cat_E,Medium,0.29658995250486697,242601.8225476319,0.0014084088546801369,3541986.6091954256,1724,28.033509360523333,Moderate — investigate
1_21,Cat_C,Medium,0.29966534864472794,242367.10308087835,0.001407046206321316,3538559.704980824,1731,27.1371055905872,Moderate — investigate
2_44,Cat_E,Medium,0.29431727802813096,242082.67595654237,0.001405394983440056,3534407.0689655184,1723,28.125026681373644,Moderate — investigate
8_40,Cat_D,Medium,0.2927034800065536,241945.7670708039,0.0014046001679480142,3532408.199233737,1731,27.068348175696027,Moderate — investigate
7_9,Cat_A,Medium,0.2934260389150184,241798.17299112797,0.0014037433202684253,3530253.325670468,1728,27.034999955913236,Moderate — investigate
8_17,Cat_B,Medium,0.28367667318920853,241665.58232299253,0.0014029735739034192,3528317.501915691,1706,29.640682354514407,Moderate — investigate
9_3,Cat_A,Medium,0.2976459070451768,240269.50322783669,0.0013948687289405779,3507934.7471264154,1730,28.720591756912754,Moderate — investigate
5_32,Cat_D,Medium,0.3026123117277842,239240.49834671515,0.0013888949090786265,3492911.2758620414,1734,25.628068246491118,High risk — review ordering policy
3_40,Cat_D,Medium,0.30579849944538934,238213.00923739068,0.001382929888929712,3477909.9348659036,1712,25.938760205380095,High risk — review ordering policy
8_23,Cat_C,Medium,0.2951958523034838,236530.9856715461,0.0013731650122315946,3453352.3908045734,1711,27.57313792369187,Moderate — investigate
7_48,Cat_E,Medium,0.298954714577551,236243.19162336466,0.0013714942428963669,3449150.597701124,1738,27.34502825544745,Moderate — investigate
8_44,Cat_E,Medium,0.2898344075929111,231423.83561643766,0.0013435157899617058,3378787.9999999898,1726,28.16696357040075,Moderate — investigate
5_26,Cat_C,Medium,0.29601877499097473,231121.42654700088,0.001341760174086039,3374372.8275862127,1718,28.31390846939689,Moderate — investigate
9_17,Cat_B,Medium,0.30260341434260685,229856.6677163722,0.0013344177002439779,3355907.3486590344,1705,27.451116864952862,High risk — review ordering policy
3_37,Cat_D,Medium,0.30035165062801517,229594.9422663081,0.0013328982704330452,3352086.157088098,1718,26.62263750236948,High risk — review ordering policy
5_20,Cat_B,Medium,0.29574618565968785,228977.26814674772,0.0013293124041350922,3343068.1149425167,1718,28.509479304774075,Moderate — investigate
5_39,Cat_D,Medium,0.30434893009154557,227758.79677741055,0.001322238649091839,3325278.432950194,1714,26.686079558511945,High risk — review ordering policy
10_37,Cat_D,Medium,0.3009260616897749,226881.0478664769,0.0013171429357729414,3312463.2988505624,1727,26.43529004452586,High risk — review ordering policy
7_20,Cat_B,Medium,0.3011179605743274,225896.65013383812,0.0013114280797647871,3298091.0919540366,1715,26.85500717760465,High risk — review ordering policy
2_16,Cat_B,Medium,0.29874748722562944,224660.97806119648,0.0013042544671747673,3280050.279693469,1723,26.791056882021934,Moderate — investigate
3_23,Cat_C,Medium,0.2976019746863625,223464.63522804645,0.0012973091778865518,3262583.6743294783,1725,27.163626358698526,Moderate — investigate
4_23,Cat_C,Medium,0.3040624468685064,223350.456883432,0.0012966463230494405,3260916.670498107,1722,25.438022095638093,High risk — review ordering policy
4_17,Cat_B,Medium,0.3025039163219851,222656.6412113563,0.0012926184219982215,3250786.961685802,1711,28.03437061148108,High risk — review ordering policy
9_49,Cat_E,Medium,0.30978014706289014,220964.60872303793,0.0012827954391618655,3226083.287356354,1722,25.87037818977906,High risk — review ordering policy
6_32,Cat_D,Medium,0.2976746919703765,220834.071799718,0.0012820376156767166,3224177.4482758828,1720,27.479647178605166,Moderate — investigate
1_42,Cat_E,Medium,0.2907023327694168,220004.88112108488,0.0012772238039677143,3212071.264367839,1714,27.3589176333259,Moderate — investigate
1_3,Cat_A,Medium,0.3033153882196539,219963.72093633682,0.0012769848512341748,3211470.325670518,1713,27.41561932275643,High risk — review ordering policy
10_23,Cat_C,Medium,0.3014405048673535,219073.62620059808,0.0012718174650449285,3198474.9425287317,1729,27.39421223039928,High risk — review ordering policy
7_26,Cat_C,Medium,0.3028531587724539,218912.67123287672,0.0012708830516124036,3196125.0,1735,27.352204770538997,High risk — review ordering policy
2_34,Cat_D,Medium,0.29558806604450505,218706.78528315632,0.001269687794331995,3193119.0651340825,1747,27.4040263721628,Moderate — investigate
10_44,Cat_E,Medium,0.2969573332320528,217010.75211252776,0.0012598415857987698,3168356.980842905,1727,27.502182313951835,Moderate — investigate
3_49,Cat_E,Medium,0.30539010009241147,216983.18611242427,0.0012596815532061611,3167954.5172413946,1707,27.74268796310931,High risk — review ordering policy
8_16,Cat_B,Medium,0.30661514668920165,214804.20878601624,0.0012470316442795381,3136141.448275837,1728,26.771054233070682,High risk — review ordering policy
3_44,Cat_E,Medium,0.30473007344131564,212608.0514879544,0.0012342819981623766,3104077.551724134,1723,28.266794877596762,High risk — review ordering policy
6_39,Cat_D,Medium,0.3005845765996467,211043.03101873552,0.0012251963752125707,3081228.252873539,1723,28.4013983916739,High risk — review ordering policy
10_49,Cat_E,Medium,0.3055072447442485,210190.34797669528,0.0012202461801396986,3068779.0804597507,1698,28.344609190554515,High risk — review ordering policy
9_40,Cat_D,Medium,0.304276659500526,209989.66619430107,0.0012190811353089183,3065849.1264367956,1740,26.67814868896456,High risk — review ordering policy
9_37,Cat_D,Medium,0.3044768334607465,208606.95533512003,0.0012110538987569316,3045661.547892752,1746,26.91471125518172,High risk — review ordering policy
9_23,Cat_C,Medium,0.30483758400507904,207831.03736944473,0.0012065493582638447,3034333.145593893,1734,27.03306706276208,High risk — review ordering policy
10_40,Cat_D,Medium,0.2986688311494936,207047.84075998477,0.0012020025620850885,3022898.475095778,1720,28.562107838500385,Moderate — investigate
5_19,Cat_B,Medium,0.30561349151868283,205955.25665249414,0.001195659637224454,3006946.7471264144,1714,27.1445733192178,High risk — review ordering policy
5_21,Cat_C,Medium,0.30975910821520636,205167.19807904423,0.0011910846152349323,2995441.091954046,1720,27.06148850193995,High risk — review ordering policy
8_34,Cat_D,Medium,0.30088748449296776,204778.55298378275,0.0011888283618080365,2989766.873563228,1726,27.94377771265215,High risk — review ordering policy
4_40,Cat_D,Medium,0.3092883328252344,204741.33286096816,0.0011886122828437737,2989223.459770135,1731,27.1274536402324,High risk — review ordering policy
6_19,Cat_B,Medium,0.30611282594907124,204563.716475097,0.0011875811426488227,2986630.260536416,1726,27.10758665245018,High risk — review ordering policy
4_49,Cat_E,Medium,0.3045011138338112,203431.79289350926,0.0011810098350700578,2970104.1762452354,1707,27.509606333463797,High risk — review ordering policy
4_37,Cat_D,Medium,0.3049749143415173,202723.14150002802,0.0011768958062182572,2959757.865900409,1727,27.49190032650072,High risk — review ordering policy
9_44,Cat_E,Medium,0.3012839429931054,200160.83398939657,0.0011620204992296701,2922348.17624519,1712,27.96649611501484,High risk — review ordering policy
7_19,Cat_B,Medium,0.3141353190705939,198301.349918647,0.0011512253872932535,2895199.7088122466,1741,26.079792760786447,High risk — review ordering policy
5_30,Cat_C,Medium,0.3000610190669634,198157.60300215348,0.001150390874065379,2893101.0038314406,1714,28.009179980068776,High risk — review ordering policy
4_44,Cat_E,Medium,0.29984117448558356,197986.89287776293,0.0011493998277152305,2890608.636015339,1725,28.146148921885704,Moderate — investigate
6_21,Cat_C,Medium,0.30315094745217225,197263.8319424755,0.001145202145220359,2880051.9463601424,1704,28.17777353674038,High risk — review ordering policy
7_39,Cat_D,Medium,0.3018405141311971,196166.6915971226,0.0011388327694217973,2864033.69731799,1712,28.14615045162021,High risk — review ordering policy
3_34,Cat_D,Medium,0.3037941171554736,195782.8362987439,0.0011366043228442937,2858429.4099616613,1730,27.04825017504747,High risk — review ordering policy
10_34,Cat_D,Medium,0.31020883315709624,192930.14380937224,0.0011200432050442748,2816780.0996168344,1704,27.204316569277236,High risk — review ordering policy
2_41,Cat_E,Medium,0.3033102132889831,190987.86490316407,0.001108767433159977,2788422.8275861954,1728,26.810267235560712,High risk — review ordering policy
7_32,Cat_D,Medium,0.30452382973746944,190441.41473783727,0.0011055950528233182,2780444.6551724244,1728,28.806876110511343,High risk — review ordering policy
2_27,Cat_C,Medium,0.3118036368520001,189418.3711226585,0.001099655840697,2765508.218390814,1719,27.203791195580653,High risk — review ordering policy
2_4,Cat_A,Medium,0.3065454563217851,188980.48732483247,0.0010971137352350426,2759115.1149425544,1726,27.150864194391133,High risk — review ordering policy
2_1,Cat_A,Medium,0.30812575127030195,188887.43898598832,0.0010965735492505964,2757756.60919543,1717,27.15507213032869,High risk — review ordering policy
3_16,Cat_B,Medium,0.3047563143913205,188699.4292237427,0.0010954820709956831,2755011.6666666437,1722,27.901399828017112,High risk — review ordering policy
6_30,Cat_C,Medium,0.30182943031067544,187757.36839343,0.0010900129990772344,2741257.578544078,1723,29.139628271621685,High risk — review ordering policy
8_41,Cat_E,Medium,0.3119348175069786,184455.15745551823,0.0010708422316191154,2693045.298850566,1737,26.73349062600378,High risk — review ordering policy
10_16,Cat_B,Medium,0.3083183916547875,184436.97108066923,0.0010707366518213097,2692779.7777777705,1715,28.065132182226336,High risk — review ordering policy
8_1,Cat_A,Medium,0.3215410659226976,184105.9935443241,0.001068815183598221,2687947.5057471315,1737,26.740597662971457,High risk — review ordering policy
9_34,Cat_D,Medium,0.31265808496880504,183904.72838923134,0.0010676467520357763,2685009.0344827776,1730,26.841790063832843,High risk — review ordering policy
5_3,Cat_A,Medium,0.311192725879,182500.62929722227,0.0010594953475109993,2664509.187739445,1741,27.586601564620008,High risk — review ordering policy
1_17,Cat_B,Medium,0.304177321273999,182332.14454416715,0.0010585172204071321,2662049.3103448404,1711,29.315331690063168,High risk — review ordering policy
7_30,Cat_C,Medium,0.3106740736810975,182199.58431742952,0.00105774765076765,2660113.931034471,1718,27.85828187594543,High risk — review ordering policy
1_23,Cat_C,Medium,0.3196362955679291,182192.54316905577,0.0010577067738459,2660011.1302682143,1736,26.554907024131538,High risk — review ordering policy
7_3,Cat_A,Medium,0.3221655224479758,181958.78601795062,0.001056349712147006,2656598.275862079,1745,25.811070235562326,High risk — review ordering policy
4_34,Cat_D,Medium,0.318612943724246,181509.4586154421,0.0010537411715940213,2650038.0957854544,1738,27.0452685806895,High risk — review ordering policy
5_42,Cat_E,Medium,0.3064015237145433,181070.9924946196,0.0010511956854943759,2643636.490421446,1731,27.69110169285623,High risk — review ordering policy
1_49,Cat_E,Medium,0.3136308124480075,180597.16133942266,0.001048444890023861,2636718.555555571,1733,26.72871446359776,High risk — review ordering policy
7_21,Cat_C,Medium,0.3049611564703315,180526.2202802699,0.0010480330463912702,2635682.8160919403,1725,28.148105206477194,High risk — review ordering policy
2_47,Cat_E,Medium,0.30593303173517983,179983.60888049193,0.0010448829517544188,2627760.689655182,1718,28.19957455360633,High risk — review ordering policy
9_16,Cat_B,Medium,0.31318096281230656,178725.2435312016,0.0010375775948459182,2609388.555555543,1716,27.410410307268986,High risk — review ordering policy
4_16,Cat_B,Medium,0.3096279673794612,178442.45971763055,0.0010359359120967482,2605259.911877406,1716,27.600902605095776,High risk — review ordering policy
6_3,Cat_A,Medium,0.3042952128832241,178147.83551146806,0.0010342254907305573,2600958.3984674336,1733,28.10071494180158,High risk — review ordering policy
3_41,Cat_E,Medium,0.3183974670169603,177870.28341993515,0.0010326141803980752,2596906.137931053,1715,25.874253786071076,High risk — review ordering policy
1_44,Cat_E,Medium,0.3145117383543328,177763.5396000642,0.0010319944862032424,2595347.678160937,1746,27.164538338182766,High risk — review ordering policy
3_1,Cat_A,Medium,0.31501235701290825,175071.0685981227,0.0010163635236643714,2556037.6015325915,1735,26.238285492141205,High risk — review ordering policy
8_27,Cat_C,Medium,0.3082126646955175,174738.54983467233,0.0010144331079491354,2551182.827586216,1693,28.009151881157862,High risk — review ordering policy
10_47,Cat_E,Medium,0.3201203804417888,173786.97921587314,0.001008908827581839,2537289.896551748,1714,26.163272722546814,High risk — review ordering policy
8_47,Cat_E,Medium,0.3071791780431007,172414.63444076898,0.0010009417706461836,2517253.662835227,1719,28.32322158307931,High risk — review ordering policy
5_17,Cat_B,Medium,0.32068114577874995,172171.1588726169,0.0009995282893191162,2513698.919540207,1731,26.60960296799196,High risk — review ordering policy
1_40,Cat_D,Medium,0.31042701482223917,171691.02713483412,0.0009967409162326113,2506688.996168578,1718,27.842737147100422,High risk — review ordering policy
3_47,Cat_E,Medium,0.3167147119593695,171131.45646354745,0.0009934923656653347,2498519.2643677928,1726,26.772924769851898,High risk — review ordering policy
6_42,Cat_E,Medium,0.3114247309198103,170808.41783446155,0.0009916169862439004,2493802.9003831386,1712,29.16699587900247,High risk — review ordering policy
1_37,Cat_D,Medium,0.3145849231991009,168090.59911824804,0.0009758388692242767,2454122.7471264214,1732,28.286758449744966,High risk — review ordering policy
7_42,Cat_E,Medium,0.3139025827734971,166918.9985828996,0.0009690372197114881,2437017.379310334,1748,27.5625996447052,High risk — review ordering policy
6_17,Cat_B,Medium,0.3080688965605376,162981.18537762982,0.0009461765052776984,2379525.3065133956,1732,27.768577840527303,High risk — review ordering policy
3_27,Cat_C,Medium,0.31991010809672926,162890.54558337363,0.0009456503019397506,2378201.965517255,1710,27.84357515962989,High risk — review ordering policy
3_4,Cat_A,Medium,0.3177855152242443,161441.8141500024,0.0009372397873055793,2357050.4865900353,1709,28.078807361217535,High risk — review ordering policy
4_47,Cat_E,Medium,0.3236221938293442,161229.3048338846,0.0009360060785090859,2353947.850574715,1731,26.25789728740777,High risk — review ordering policy
8_5,Cat_A,Medium,0.32088031820488194,161198.98205007077,0.0009358300415907583,2353505.137931033,1759,25.61670255934894,High risk — review ordering policy
8_4,Cat_A,Medium,0.3089057152527631,160616.56825696895,0.0009324488767887857,2345001.896551747,1707,29.821131932125343,High risk — review ordering policy
9_27,Cat_C,Medium,0.32241395472947637,159352.25555030556,0.0009251089928899344,2326542.931034461,1724,26.77412103719994,High risk — review ordering policy
2_5,Cat_A,Medium,0.32953686399462667,159036.2168687346,0.0009232742512013859,2321928.766283525,1729,26.95014578492819,High risk — review ordering policy
10_1,Cat_A,Medium,0.32105363425878014,157754.55518816048,0.000915833648980558,2303216.505747143,1707,28.26574875620275,High risk — review ordering policy
10_41,Cat_E,Medium,0.31787208922637655,157603.74665407106,0.0009149581399982166,2301014.7011494376,1720,28.16968929281183,High risk — review ordering policy
10_27,Cat_C,Medium,0.31491744061593885,156971.2974334743,0.0009112864978272303,2291780.9425287247,1738,28.273151092846437,High risk — review ordering policy
9_1,Cat_A,Medium,0.3295790098777817,156574.31323151223,0.0009089818322672601,2285984.9731800784,1705,27.149207426698734,High risk — review ordering policy
9_41,Cat_E,Medium,0.32369874684005423,155719.27045609732,0.0009040179379181639,2273501.348659021,1707,27.11922956195763,High risk — review ordering policy
4_41,Cat_E,Medium,0.3197148075646876,155610.6954285401,0.0009033876127680768,2271916.153256685,1722,27.0738154159965,High risk — review ordering policy
10_4,Cat_A,Medium,0.31424256587935395,154645.70854983453,0.0008977854451901633,2257827.344827584,1723,28.678203019066732,High risk — review ordering policy
7_17,Cat_B,Medium,0.3195150977906498,152709.11641211386,0.0008865426874646552,2229553.0996168624,1728,27.16408685684178,High risk — review ordering policy
4_27,Cat_C,Medium,0.3173329023822386,152342.92526111353,0.0008844167889278744,2224206.7088122577,1717,27.51772011987177,High risk — review ordering policy
9_47,Cat_E,Medium,0.32357875305358924,152210.9890830835,0.0008836508421619399,2222280.440613019,1731,27.40260009637677,High risk — review ordering policy
5_40,Cat_D,Medium,0.32620531291136434,151640.73164331145,0.0008803402502661825,2213954.6819923474,1718,26.662240706780548,High risk — review ordering policy
5_49,Cat_E,Medium,0.327893169741778,151630.88568729194,0.0008802830902189288,2213810.9310344625,1726,26.913295678358825,High risk — review ordering policy
1_34,Cat_D,Medium,0.3222097751915214,151596.42366031584,0.0008800830231978583,2213307.785440611,1731,27.742841638374,High risk — review ordering policy
6_40,Cat_D,Medium,0.3347955497391384,151586.25124652224,0.0008800239679215627,2213159.2681992245,1750,26.682350571508632,High risk — review ordering policy
5_23,Cat_C,Medium,0.32269974066421614,151093.98126279333,0.0008771661270500626,2205972.1264367825,1730,26.95322964372615,High risk — review ordering policy
4_4,Cat_A,Medium,0.321921167161179,148822.8601794978,0.0008639812836297863,2172813.758620668,1749,27.936082797561003,High risk — review ordering policy
1_16,Cat_B,Medium,0.3263586685582915,148441.12790636646,0.0008617651621351104,2167240.46743295,1711,28.285340786890135,High risk — review ordering policy
5_44,Cat_E,Medium,0.3303627993080215,148259.80423030595,0.0008607124995118664,2164593.1417624666,1703,27.471321487022333,High risk — review ordering policy
4_1,Cat_A,Medium,0.32036781688139504,147092.68068020928,0.0008539368408412102,2147553.1379310554,1723,28.09499567029005,High risk — review ordering policy
6_23,Cat_C,Medium,0.32969559213114846,147055.53666089353,0.0008537212036907826,2147010.8352490454,1715,27.449172689913926,High risk — review ordering policy
3_5,Cat_A,Medium,0.32800168887887,145157.86490316532,0.0008427043956602655,2119304.8275862136,1743,26.29540449228901,High risk — review ordering policy
9_4,Cat_A,Medium,0.328013925254856,144994.50191570816,0.0008417560026282366,2116919.727969339,1740,28.598077610083006,High risk — review ordering policy
5_37,Cat_D,Medium,0.31683430064256046,143284.90027817056,0.0008318310232566952,2091959.54406129,1695,28.115226262673335,High risk — review ordering policy
10_5,Cat_A,Medium,0.32689895326152213,142541.82569674103,0.0008275171528612342,2081110.655172419,1721,26.490311272846412,High risk — review ordering policy
6_37,Cat_D,Medium,0.32134860936966575,141581.212407494,0.0008219403758680057,2067085.7011494122,1722,28.449833988948402,High risk — review ordering policy
1_47,Cat_E,Medium,0.33079011338533515,140820.37133259978,0.0008175233632683788,2055977.4214559568,1725,25.90088310533977,High risk — review ordering policy
7_40,Cat_D,Medium,0.33363926812620026,139190.4036109797,0.0008080606933351313,2032179.8927203035,1731,26.743140925379254,High risk — review ordering policy
6_44,Cat_E,Medium,0.32205061024611403,138951.3651393481,0.0008066729712788016,2028689.9310344823,1733,28.76761642964742,High risk — review ordering policy
7_49,Cat_E,Medium,0.33455861194293574,138040.03857660366,0.0008013823251204344,2015384.5632184134,1711,26.95511813400073,High risk — review ordering policy
6_49,Cat_E,Medium,0.31800375202566394,136947.12958589214,0.0007950375141717226,1999428.0919540252,1718,28.97635038163839,High risk — review ordering policy
7_37,Cat_D,Medium,0.33083610755465237,136410.93161181983,0.0007919246522541387,1991599.6015325696,1703,27.057930102067154,High risk — review ordering policy
7_44,Cat_E,Medium,0.336467243077735,135247.13037316894,0.0007851682810431111,1974608.1034482664,1722,27.416061736672496,High risk — review ordering policy
1_1,Cat_A,Medium,0.33753171399557336,133389.74964572425,0.0007743853799273056,1947490.3448275737,1709,27.23297492798416,High risk — review ordering policy
6_34,Cat_D,Medium,0.3338826294091015,132356.9666194303,0.0007683896262931376,1932411.7126436823,1725,27.042934267174825,High risk — review ordering policy
7_23,Cat_C,Medium,0.3369175669630063,131181.5931874255,0.0007615660734780455,1915251.260536412,1729,27.884198230854988,High risk — review ordering policy
1_41,Cat_E,Medium,0.3341984057142705,130734.88427019287,0.0007589727343683549,1908729.3103448157,1718,27.678756410000194,High risk — review ordering policy
5_34,Cat_D,Medium,0.3346249875735868,128715.31910985126,0.0007472482822411654,1879243.6590038284,1728,27.64290426234644,High risk — review ordering policy
4_5,Cat_A,Medium,0.33910387333405084,127448.2191780825,0.0007398922172910872,1860744.0000000044,1701,27.752463396235356,High risk — review ordering policy
1_4,Cat_A,Medium,0.33275983003014237,127220.86548050107,0.000738572330418617,1857424.6360153155,1700,28.27608261181195,High risk — review ordering policy
6_16,Cat_B,Medium,0.32953902702812105,126459.37411431297,0.0007341515425958411,1846306.8620689693,1715,28.010577810116594,High risk — review ordering policy
5_16,Cat_B,Medium,0.32246148418127696,124100.97097569863,0.0007204599889692079,1811874.1762452,1719,28.15564161512341,High risk — review ordering policy
9_5,Cat_A,Medium,0.33587872800543894,122409.10880176262,0.0007106379948817479,1787172.9885057341,1718,28.307899152062745,High risk — review ordering policy
1_27,Cat_C,Medium,0.33117056933447037,122347.57072377107,0.0007102807396351338,1786274.5325670578,1721,29.221948046870384,High risk — review ordering policy
7_34,Cat_D,Medium,0.34303300860425523,121474.24132682427,0.0007052106835127366,1773523.9233716342,1706,26.992269728856776,High risk — review ordering policy
6_27,Cat_C,Medium,0.35226606843953284,120573.47451844902,0.0006999813413107892,1760372.7279693556,1742,25.685492212016207,High risk — review ordering policy
7_16,Cat_B,Medium,0.3448307690979975,118472.69327664963,0.0006877853945877787,1729701.3218390846,1701,27.252767876491173,High risk — review ordering policy
5_4,Cat_A,Medium,0.33984736491608164,116081.79026924813,0.0006739051651198219,1694794.1379310228,1731,26.442743629243722,High risk — review ordering policy
5_41,Cat_E,Medium,0.3518768585241095,115604.13609405333,0.0006711321753592557,1687820.3869731787,1706,26.639753079691125,High risk — review ordering policy
1_5,Cat_A,Medium,0.34142933656438584,114735.6901800236,0.0006660904699743338,1675141.0766283444,1715,26.50464641938633,High risk — review ordering policy
5_1,Cat_A,Medium,0.34487425972642954,113196.70471841669,0.0006571559915413632,1652671.8888888836,1735,26.920798703484248,High risk — review ordering policy
5_27,Cat_C,Medium,0.3488840357884355,110793.71490054112,0.0006432055928936463,1617588.2375479003,1719,27.437542148296597,High risk — review ordering policy
5_47,Cat_E,Medium,0.35169552517162167,109093.23938487287,0.0006333335946197516,1592761.2950191437,1743,27.664863589687112,High risk — review ordering policy
6_41,Cat_E,Medium,0.35541897779840903,107710.75158767568,0.0006253076530393767,1572576.973180065,1707,27.880609374737436,High risk — review ordering policy
6_47,Cat_E,Medium,0.34432106052795153,104510.57864903135,0.0006067292604454401,1525854.4482758576,1699,28.675592753777657,High risk — review ordering policy
7_47,Cat_E,Medium,0.35093619216656485,104188.06854563505,0.0006048569493449826,1521145.8007662718,1716,27.067795482565526,High risk — review ordering policy
6_4,Cat_A,Medium,0.3495272116239446,102190.1692646827,0.0005932582770493534,1491976.4712643675,1724,29.23296610236217,High risk — review ordering policy
6_1,Cat_A,Medium,0.3365798221801054,101179.23214192013,0.0005873893483650106,1477216.7892720338,1707,29.447038128357633,High risk — review ordering policy
7_27,Cat_C,Medium,0.36010988458482573,98954.034797669,0.0005744711121780639,1444728.908045967,1690,27.87493659951406,High risk — review ordering policy
7_1,Cat_A,Medium,0.3545233829935531,95795.69595339378,0.000556135584655454,1398617.1609195492,1716,28.443908261625666,High risk — review ordering policy
7_4,Cat_A,Medium,0.3467840237187434,95263.80255078021,0.0005530477126431165,1390851.517241391,1715,28.872945908366,High risk — review ordering policy
6_5,Cat_A,Medium,0.37341099792444576,93708.46165958188,0.0005440182838440821,1368143.5402298954,1733,26.98364767561938,High risk — review ordering policy
5_5,Cat_A,Medium,0.3661136834297351,93562.73736419382,0.0005431722910736597,1366015.9655172299,1732,27.309519916993928,High risk — review ordering policy
7_5,Cat_A,Medium,0.3715515973335919,89483.61281687839,0.0005194912029785604,1306460.7471264245,1727,26.118113817179154,High risk — review ordering policy
7_41,Cat_E,Medium,0.34641487187089354,86069.37175248063,0.0004996700520217647,1256612.827586217,1683,31.502338948506775,High risk — review ordering policy
